published,score,themes,source,title,link,description,feed
2026-09-02T10:54:01+00:00,10,"['market selling', 'India market', 'macro / flows']",India Infoline,"Nifty Sensex Today: Nifty Ends Near 23,900, Sensex Falls 374 Points as Crude Oil Surges - India Infoline",https://news.google.com/rss/articles/CBMixgFBVV95cUxNYlhkWTdSTnIxVG0xTmpyNjB3b3E1TjhKR0NRdkNlYTdRU0lteU1FWTcxbjlobHJsT2tYVnVObVNnM0dGUW5kcUJQZkc0Rm5tVXBvdm42Smg1dThzdnBPSHVTWUFnMUhwazIzeHBrX3VheGthT3FHOVFRU1RVbEw1dHRicGFRS3FNUk9wUWF4NHY0dy02cnY4V0JRTENtdWktUUl3YXl3bEg0MG9hUTZHOTdiVkQ1d0NOdjhlMGl2U1h6elN5ZEE?oc=5,"Nifty Sensex Today: Nifty Ends Near 23,900, Sensex Falls 374 Points as Crude Oil Surges India Infoline","""(Nifty OR Sensex OR ""Indian shares"" OR midcap OR smallcap) (falls OR selloff OR correction OR ""risk off"") when:1d"" - Google News"
2026-09-02T10:33:40+00:00,9,"['market selling', 'India market', 'macro / flows']",India Today,"Sensex, Nifty fall as US-Iran strikes and crude surge weigh on markets - India Today",https://news.google.com/rss/articles/CBMi3wFBVV95cUxQUHJxbV9uRFQxQUt0bXZXMVdxQ1hzeUtlYlNXSFllbzJtNFFabHpOR1M5c0xJRk9fTHdiTEg3ZnQ2WDJUWHlfaWliZ0c5aDFZdkZpQ3h6RHZQVXI4c1VNWkV2eTVDTWxWZUVCR2Raa2htV19ZajdSOE1Nbnk5X3JVVVhSRVZibTZTcVlZSEtBS1lpN24xaUF5eldHQm5vYnFtU196MEFYNkZyVkNQNjBHem9CcjVRc1FQUGVCWXY5dlVTUWZkbXRxYVBXTmtLZXdLQ0pFWkJ6RFptUmpXTWp30gHfAUFVX3lxTFBQcnFtX25EVDFBS3RtdlcxV3FDWHN5S2ViU1dIWWVvMm00UVpsek5HUzlzTElGT19Md2JMSDdmdDZYMlRYeV9paWJnRzloMVl2RmlDeHpEdlBVcjhzVU1aRXZ5NUNNbFZlRUJHZFpraG1XX1lqN1I4TU1ueTlfclVVWFJFVmJtNlNxWVlIS0FLWWk3bjFpQXl6V0dCbm9icW1TX3owQVg2RnJWQ1A2MEd6b0JyNVFzUVBQZUJZdjl2VVNRZmRtdHFhUFdOa0tld0tDSkVaQnpEWm1SaldNanc?oc=5,"Sensex, Nifty fall as US-Iran strikes and crude surge weigh on markets India Today","""(""broader market"" OR midcap OR smallcap) (selling OR correction OR fall OR volatility) India when:1d"" - Google News"
2026-09-02T22:05:02+00:00,8,"['AI / tech risk', 'market selling', 'macro / flows']",BBN Times,"Dow Jones (DJIA) Jumps to 53,061.95 as Easing Oil Prices and a Pause in the Bond Selloff Lifted Blue-Chip Cyclicals. - BBN Times",https://news.google.com/rss/articles/CBMi4gFBVV95cUxPNlRSOHJ1YjhuU3pXa3FJbUZ3cENhOVN1OWhRVHAzeXVBQUlvcnNGSTB0aGRlZDdOTHMtUDdmdnVhSHlKYm1GWi1wNEQ0WERKYjRJd2p3NnVIZGc1MEFTc0FDSnd2LWpFYWc1VFFTbDFDZlItTGdiZEJ4c3lnajN6T05sbHVhaG8yak1vWjdPb0F2SmhoekdWazFwSElSWHFnV3hpX3YyX3BaNExOb1FfX3NYUjNxWVFxdU0wd3VyLVBKYkFWN25UOGFaanV4MFR0Rm85d1d1TjctN0NTSS1PV3BR?oc=5,"Dow Jones (DJIA) Jumps to 53,061.95 as Easing Oil Prices and a Pause in the Bond Selloff Lifted Blue-Chip Cyclicals. BBN Times","""(AI OR ""artificial intelligence"" OR Nvidia OR semiconductor OR technology) (selloff OR ""market fall"" OR ""stocks fall"" OR correction) when:1d"" - Google News"
2026-09-02T12:04:55+00:00,8,"['AI / tech risk', 'market selling']",TradingKey,"【US Pre-Market】Memory Chip Stocks Fall, Gold Drops Below $4,300; GitLab Surges Over 23%, Dell Gains More Than 10% - TradingKey",https://news.google.com/rss/articles/CBMikAFBVV95cUxQMnFsSFFtY3FIM1RaZUlpZVRZX1BrZ185bFJnTTVDOWQ2azhCYUlhMWY0Wm92MVkxOUxVMDRTYmtTcENFTGo3dV9MNk5WY0ZmT3ZFWDlIZkhybnhkZk9QTUtUY2lMSDZxNWVUZE1xTF9SN3M1Q1lkeEhxTmpkaWxYSGU2U1ZGTk0xUEVzaURBamc?oc=5,"【US Pre-Market】Memory Chip Stocks Fall, Gold Drops Below $4,300; GitLab Surges Over 23%, Dell Gains More Than 10% TradingKey","""(AI OR ""artificial intelligence"" OR Nvidia OR semiconductor OR technology) (selloff OR ""market fall"" OR ""stocks fall"" OR correction) when:1d"" - Google News"
2026-09-02T10:51:13+00:00,8,"['market selling', 'India market', 'macro / flows']",Devdiscourse,"Sensex falls over 370 points, Nifty settles below 24,000 amid West Asia tensions, higher oil prices - Devdiscourse",https://news.google.com/rss/articles/CBMi6gFBVV95cUxOQk5maUFIN3V4XzlJaTBJS2JkWHhtYllnekxUMDdDaFBWQXNkMUNWZXhlV2tZeTJzSS1sbmk3NDdGb2JkbE01SnlUN3YwT1FmMUswejYxcHJxWDZLVlBhWXhjU2dpWTF1NkJYeEtjTmFOVTQ3Tk42VW1KaFRTc3ZRaFk2aGFoNDh2bXhINU45WEhxNXZMc1NqcUJNVjgwVTkwdGROVE9uVkVEaThVckcxZmtRUU1NM2UxQ3NmVHk5U20wV1llZXBGQWJfT0kzYkYtV3pXc2FmT1JBNHdYY3BrWGx2QzBwQU5PcHfSAeoBQVVfeXFMTkJOZmlBSDd1eF85SWkwSUtiZFh4bWJZZ3pMVDA3Q2hQVkFzZDFDVmV4ZVdrWXkyc0ktbG5pNzQ3Rm9iZGxNNUp5VDd2ME9RZjFLMHo2MXBycVg2S1ZQYVl4Y1NnaVkxdTZCWHhLY05hTlU0N05ONlVtSmhUU3N2UWhZNmhhaDQ4dm14SDVOOVhIcTV2THNTanFCTVY4MFU5MHRkTlRPblZFRGk4VXJHMWZrUVFNTTNlMUNzZlR5OVNtMFdZZWVwRkFiX09JM2JGLVd6V3NhZk9SQTR3WGNwa1hsdkMwcEFOT3B3?oc=5,"Sensex falls over 370 points, Nifty settles below 24,000 amid West Asia tensions, higher oil prices Devdiscourse","""(Nifty OR Sensex OR ""Indian shares"" OR midcap OR smallcap) (falls OR selloff OR correction OR ""risk off"") when:1d"" - Google News"
2026-09-02T10:34:54+00:00,8,"['market selling', 'India market']",Dalal Street Investment Journal,"Closing Bell: Sensex Falls 374 Points, Nifty 50 Down 141 Points as Global Selloff Weighs on Markets - Dalal Street Investment Journal",https://news.google.com/rss/articles/CBMi3wFBVV95cUxPSnRKY3RFdWVGQ25EY18tc2g1V2cwNGl2cTRWRlhZeXBoTkk1RTFaUEFDY3o1WUNrcURYcklkaTRJMHFHSXQ0SHJlOTl5M3pOempocTEzSU9lMW4zaXh2d2c5ZWtTNWNaMUVWU1JTRXFXd1ItaFJySTh5UV9GbHZlUjdWb0VNM2hvSGFLbkhaREY5aFF6djJXM0tCb1BGNE1SVFlLc2VjdmNSalYzU3g4RG9XSUpvbWNCVE8xMXdoR1VMUUkwb3VtNEQ3QWtVZjFLNkxKa1A2bHdnSFBEaXl3?oc=5,"Closing Bell: Sensex Falls 374 Points, Nifty 50 Down 141 Points as Global Selloff Weighs on Markets Dalal Street Investment Journal","""(Nifty OR Sensex OR ""Indian shares"" OR midcap OR smallcap) (falls OR selloff OR correction OR ""risk off"") when:1d"" - Google News"
2026-09-03T07:08:27+00:00,7,"['market selling', 'India market']",Business Upturn,"Nifty 50 top losers in afternoon trade, September 3: Titan falls 2.2%, Tech Mahindra down 1.5%, Cipla declines 1.3% - Business Upturn",https://news.google.com/rss/articles/CBMi7gFBVV95cUxOWGY4MHl5RUJib3diQVBzc2tZSWVBd0xSSDRDWDlPYmVMLU9jMy03aWJQR09PdmNpeDFOMEpTWDVNLVZrVWpDZklMR21nTlM0cENpRFI1VXlBMG53NG5zNGFRNVd5dEZxblo2cC1GdHJYSDdncVh1T3B3LWdVRDBLZUpncXFvUHZmaGRBWlJVOUVkR21nTzJPcUE3ckU0Wld2YVFxZzVsbXNCU0p4ekExVk5oVWt2aFZLMWJzMFZYUEMxVW1WOUJsMk5fSEp0MDFXaUU0dWJOS2RVU0tMTTQ2bmkyWWp1TkUtajdWNThn?oc=5,"Nifty 50 top losers in afternoon trade, September 3: Titan falls 2.2%, Tech Mahindra down 1.5%, Cipla declines 1.3% Business Upturn","""(Nifty OR Sensex OR ""Indian shares"" OR midcap OR smallcap) (falls OR selloff OR correction OR ""risk off"") when:1d"" - Google News"
2026-09-02T22:58:00+00:00,7,"['AI / tech risk', 'market selling']",Investing.com UK,NetApp Q1 FY27 slides reveal strong AI demand despite stock selloff - Investing.com UK,https://news.google.com/rss/articles/CBMixwFBVV95cUxNMjdvdFB6SjlCMUlQWk12TnlULW9fSE9BRHVEUTlQTDJqRW5lSE03WU0taGtxb0s2YVdZTEJ6UndkYUxIUzlhX3ZIS1BvLUdLMDZtczUtSlMwVXM0dXhKZVA3MkgtU3dnSjJ6aGp3eWppaGtfMUxVVl9FQTIwTGhQSExrbWFLak5FdE5JSG5Ia21RUjZ1WnUwTERhaWw1c1lyOVpBc2VWZFRMUnBOUmx4bjN3YncwdFg2ODBaZXFoTjJIRFlocXZN?oc=5,NetApp Q1 FY27 slides reveal strong AI demand despite stock selloff Investing.com UK,"""(AI OR ""artificial intelligence"" OR Nvidia OR semiconductor OR technology) (selloff OR ""market fall"" OR ""stocks fall"" OR correction) when:1d"" - Google News"
2026-09-02T18:47:55+00:00,7,"['AI / tech risk', 'market selling']",International Business Times UK,"Dell Stock Reverses 6.8% Sell-Off, Surges After $25 Billion Forecast Raise Flips the AI Trade - International Business Times UK",https://news.google.com/rss/articles/CBMigwFBVV95cUxPTFF1MGtCNEVUM3Nlb1ozVTFHUU1zQmk4VGRmRmdUUkdSTS10dVE1YlhWRFRieU9URW0tNUFUX3E5ZnRDVURaNVhIYVBYaUp5WEJsdzRIZktXbDNwMmw5a3JrVDUzeDMzRzdpTHdrdS10R1JkSzBIb2RfUGFqQTdLMjdMQQ?oc=5,"Dell Stock Reverses 6.8% Sell-Off, Surges After $25 Billion Forecast Raise Flips the AI Trade International Business Times UK","""(AI OR ""artificial intelligence"" OR Nvidia OR semiconductor OR technology) (selloff OR ""market fall"" OR ""stocks fall"" OR correction) when:1d"" - Google News"
2026-09-02T17:32:56+00:00,7,"['market selling', 'India market', 'macro / flows']",The Hans India,Silver futures fall on strong dollar - The Hans India,https://news.google.com/rss/articles/CBMiowFBVV95cUxOMm5YSS1JS1JIb182NEQ0V0dkSUdZc3piallWZ01jTjlkcEUxYVY3UkRZNkZUUVU5bTdzYTh6ZkI0clROQVZ5bHJVZWo2OUNsMmZYVU92OVlKVTBGYzBTM3BTdTJ5cTZ4eUUyZ013WWZ6M3dZVnluLUZMcTZOaV82d0h1Ym8tcGltdGJ0OGwxa0xMbWJUMmx4dndRVGpveHNmdktr0gGjAUFVX3lxTE4yblhJLUlLUkhvXzY0RDRXR2RJR1lzemJqWVZnTWNOOWRwRTFhVjdSRFk2RlRRVTltN3NhOHpmQjRyVE5BVnlsclVlajY5Q2wyZlhVT3Y5WUpVMEZjMFMzcFN1MnlxNnh5RTJnTXdZZnozd1lWeW4tRkxxNk5pXzZ3SHViby1waW10YnQ4bDFrTExtYlQybHh2d1FUam94c2Z2S2s?oc=5,Silver futures fall on strong dollar The Hans India,"""(AI OR ""artificial intelligence"" OR Nvidia OR semiconductor OR technology) (selloff OR ""market fall"" OR ""stocks fall"" OR correction) when:1d"" - Google News"
2026-09-02T17:12:34+00:00,7,"['market selling', 'India market', 'macro / flows']",AD HOC NEWS,"BEL stock falls as oil shock hits Sensex, Q1 FY27 revenue jumps 25 percent - AD HOC NEWS",https://news.google.com/rss/articles/CBMizAFBVV95cUxQNHI5SkE3NUJESHJpaDR1N1pWVmZBRjdCOFdXcXlSeGFMekpSNldnSHJrNldZcHN3ZXdvR1FXT3hGU0FoR0hWYlVyV0o2QmVlOTBSNF8tYkdVUHpEQ2pCS3htYkVBQWlRUGRfcmthYXJXb2FDbEpnaXk2NUJBaWNCb2ZGZW1XUk5JQ3BjZ3ZXcEJUOHZpdEpZTGFJSDZ2OHU4WkZMY3NkWW9XbElLUzJZbVA4WXVEbWJIbDVIVjR2VTg5cnFnbFlMcTNCd2U?oc=5,"BEL stock falls as oil shock hits Sensex, Q1 FY27 revenue jumps 25 percent AD HOC NEWS","""(Nifty OR Sensex OR ""Indian shares"" OR midcap OR smallcap) (falls OR selloff OR correction OR ""risk off"") when:1d"" - Google News"
2026-09-02T12:23:27+00:00,7,"['market selling', 'India market']",News Mobile,"Sensex Falls 374 Points, Nifty Slips Below 24,000 Amid West Asia Tensions - News Mobile",https://news.google.com/rss/articles/CBMisAFBVV95cUxPSXRvOW9HZ2dpWjZ1Wm1kZFlZaFRoQ2pmeWpFU1JPRXItVnN4ZkxDTklleHB5aTFQYXRKVWtrS3BkV0xmTnFCNWJZYXdBMS1odzRUX0tmTXk0dXZ0bDNIcGhpSXQxN0taalg2UUZHNWI2SmhZZVZGZ2M1dm5CSFpRRHhUTTRER05FR3h5U3djaW9ZR0w1UzNzN2dETWxocDRyUHFuZEp3SzVZLV9BVDJyUA?oc=5,"Sensex Falls 374 Points, Nifty Slips Below 24,000 Amid West Asia Tensions News Mobile","""(Nifty OR Sensex OR ""Indian shares"" OR midcap OR smallcap) (falls OR selloff OR correction OR ""risk off"") when:1d"" - Google News"
2026-09-02T11:05:05+00:00,7,"['market selling', 'India market']",DD News,"Sensex falls 374 points, Nifty slips below 24,000 as West Asia tensions weigh - DD News",https://news.google.com/rss/articles/CBMiowFBVV95cUxOU1ZVMWVvNlhxbUFnajlGZXJMTk44ZzNuRkQydWNCeFFEYTR6NDlXdWxiZDVQRGFYX0dMbFhmNGc4VUpDbUQ0eWJWSjVlUGZqckNkcFdBVllXTUtEOWlZVUNjQzlTOThFNGIxVzZzYVlqM0pUODMyNzNNTk1IMkNyQmk1SXIwUjFBLXVpVmVsaXR3eWdMcTR6UHJGWU5pT09BSm1B?oc=5,"Sensex falls 374 points, Nifty slips below 24,000 as West Asia tensions weigh DD News","""(Nifty OR Sensex OR ""Indian shares"" OR midcap OR smallcap) (falls OR selloff OR correction OR ""risk off"") when:1d"" - Google News"
2026-09-02T10:17:24+00:00,7,"['market selling', 'India market']",CNBC TV18,"Sensex, Nifty fall sharply: 6 reasons why stock market turned weak today - CNBC TV18",https://news.google.com/rss/articles/CBMitgFBVV95cUxQQ3hrcS1SbFhNemJOX2hWRUxMc1BTUEZzZzZEMy11LUhJTVlTOVR4bDd0d0NTRU9BbzhzeWJFclRYMkY5MlZST0ZFMmUwZy10QjdIQ2J3LVFIY3EwbzhRZ2hnRVVQRXp4cGttWjBHNlk3Qkthb3hMWmNGQzVRWThiM0g0TFhTOFZqUnFxYUM0eDNIRVFBbzNSbzRqNFVWZUdJZ19zSVlNTWhrdkRBY05rZVpCMVVaZ9IBuwFBVV95cUxQMjZIMjFxMXNBYThtaXFvUzJ4UXJMNkNmTFBET00xT3Z3Vmo0NlFGN2I0U2IxNng3OHFpZHE4bmJoZC1yeks0ekhyOTU0emtvZjFfQWNLSkZZcmJ2Uzg1dDFZQl91WUFvNjRRM2d5RVNqZzlodlZyN3dvblNjUTltS3V0RElUOGdwM2JSRnFMSXZsajdaZi1YRkFINzFEVFZLYTVQM3I4Q3pUNm1mTUU5MDMxUHhmTU1jNUtR?oc=5,"Sensex, Nifty fall sharply: 6 reasons why stock market turned weak today CNBC TV18","""(""broader market"" OR midcap OR smallcap) (selling OR correction OR fall OR volatility) India when:1d"" - Google News"
2026-09-03T09:31:29+00:00,6,"['market selling', 'India market']",Moneycontrol.com,"India’s LPG consumption falls 16% in April-August amid supply disruptions, shift to PNG - Moneycontrol.com",https://news.google.com/rss/articles/CBMi6gFBVV95cUxPN1hVMUx3VjdkYVlaaEJJVXFBbENoTTFaVFIzejQ4NjF0Q05kallPT2dNSTNJdkRvNktRbW5MMlZWalJiWXVib25xYVI0Q19nc1NqRmpyeldyejNwNXRPY1dha29lR1NlT3dLZUFYMkRBYTJCY2J5Y3lLQi16alRManM5bEluTVhyVTltY2FCaDNzYUFIbkRwTFlhTGpxaFl5aGxjMThaY01HaFAtaGhMa254UGFVVHNRVHFRRWNacFk1SktOeDM0RDZ4eXJaOF9aOEIzNkNxa09WTHhfUG9fakpVLVJpMTUtdUHSAeoBQVVfeXFMTzdYVTFMd1Y3ZGFZWmhCSVVxQWxDaE0xWlRSM3o0ODYxdENOZGpZT09nTUkzSXZEbzZLUW1uTDJWVmpSYll1Ym9ucWFSNENfZ3NTakZqcnpXcnozcDV0T2NXYWtvZUdTZU93S2VBWDJEQWEyQmNieWN5S0ItempUTGpzOWxJbk1YclU5bWNhQmgzc2FBSG5EcExZYUxqcWhZeWhsYzE4WmNNR2hQLWhoTGtueFBhVVRzUVRxUUVjWnBZNUpLTngzNEQ2eHlyWjhfWjhCMzZDcWtPVkx4X1BvX2pKVS1SaTE1LXVB?oc=5,"India’s LPG consumption falls 16% in April-August amid supply disruptions, shift to PNG Moneycontrol.com","""(""mutual funds"" OR SIP OR AMFI OR FII OR FPI) (India OR equity OR market) when:1d"" - Google News"
2026-09-03T02:13:16+00:00,6,"['market selling', 'India market']",Whalesbook,"Nifty 50 Falls Below 24,000 Amid Geopolitical Tensions - Whalesbook",https://news.google.com/rss/articles/CBMi0gFBVV95cUxOZUNhT0l4LUxaSVFOaW1UalpvY0VxR3VHMV91VmhWdDFPMjRsNEpLd1Bhc3RubVJRaDlrNFp3VmMtODhUU0dDZkcyUUtzcnIyX2Mtek54djdTMk02RnFVOTNVWDdCemtmNS1aSHlNbklEUmw0dGxVQ1NqcDVVMGVqSEM3YW94ckQ1OWVTMU42eE1ZX1NEbkFJQWdwa1VQMXI3VHcyem5oQlRfRXo5MERfY1FUNVFjQjdfNTh1Qy1pUjFNTGU2ZUxqeHMtbnNMNUdZQ0E?oc=5,"Nifty 50 Falls Below 24,000 Amid Geopolitical Tensions Whalesbook","""(Nifty OR Sensex OR ""Indian shares"" OR midcap OR smallcap) (falls OR selloff OR correction OR ""risk off"") when:1d"" - Google News"
2026-09-02T21:45:56+00:00,6,"['market selling', 'India market']",BBN Times,"BSE SENSEX: Indian Benchmark Falls to 76,570.35 Amid US-Iran Negotiations - BBN Times",https://news.google.com/rss/articles/CBMiqwFBVV95cUxNN2VoQ0puYkpJc3IxclhibHVUMlZtY1RkbzdyVDJ1QW9qckpjdWU0c1BET19WQjdQNlBXMUdVbVhpcnBVX2tFVUNuaVhCSkRnZWZTTXRmN285OUo2NE9McUdJOEZLRFRtcl8wUC1sRU5SMDdUV05XYmxtT2VEQlFKa3U1NFN6OEZrVWZIQ0Z1R0NneU55Ulk3cnh4eVNFdDhVbHBlZ3l3T0pGeHM?oc=5,"BSE SENSEX: Indian Benchmark Falls to 76,570.35 Amid US-Iran Negotiations BBN Times","""(Nifty OR Sensex OR ""Indian shares"" OR midcap OR smallcap) (falls OR selloff OR correction OR ""risk off"") when:1d"" - Google News"
2026-09-02T11:33:00+00:00,6,"['market selling', 'India market']",Univest,Network18 Share Price Falls Over 2 Percent as Nifty Media Index Slides With Broader Market on 2 September - Univest,https://news.google.com/rss/articles/CBMiiAFBVV95cUxOcXBFX1J5V2RWbVBXR1BZUGVxQnJmLU03VlVPMUNhdVNhZ1ZMWnBTUmxZUWE2Y25nZl9HLVk1dW9aUHVBM1BCUmdlZEZ3N2pyWTJNZGlsd0djUEhEQnVPYTFYZTlnbkNseUMwM1lfckhyOWVBalVXd3Z2N05haU5ZMW1KVWVrOHVM?oc=5,Network18 Share Price Falls Over 2 Percent as Nifty Media Index Slides With Broader Market on 2 September Univest,"""(Nifty OR Sensex OR ""Indian shares"" OR midcap OR smallcap) (falls OR selloff OR correction OR ""risk off"") when:1d"" - Google News"
2026-09-02T11:08:43+00:00,6,"['market selling', 'India market']",Upstox,"Top gainers and losers, Sept 2: Eicher Motors, Wipro fall 3%, Coal India soars 4%; check list - Upstox",https://news.google.com/rss/articles/CBMi3gFBVV95cUxPQWhzeEl4N1k5V0Z5UFBWUDQ2N25KRDh4ckQ5SEJfdmJKRHU1enIxbDRHVk1TRkNnMlJ6TlI1WlJXeGpybERTTUN0bVE5OTQwVUc1QzBONC1LSzdlbTRhOGlmVVhNYUliZG0tOEtiNTlaV3QxMm5TT1cwTVVIVjM0TTVWbGRRLUVKWS1HZEtIbkNya2dkSi1pOF9mdGloUHRGVmhrMEhiLTZlcHZYVjZXSEdqYV9JQXR0ekVuZW5yZDA0NVJndTAxelBELVZfYk1sOVFKWmQ3Mko4c3N5TlE?oc=5,"Top gainers and losers, Sept 2: Eicher Motors, Wipro fall 3%, Coal India soars 4%; check list Upstox","""(""broader market"" OR midcap OR smallcap) (selling OR correction OR fall OR volatility) India when:1d"" - Google News"
2026-09-02T10:48:00+00:00,6,"['market selling', 'India market']",Univest,"Nifty Auto Today: Index Falls 1.79% to 27,981.95 - Univest",https://news.google.com/rss/articles/CBMie0FVX3lxTE1FWUhhc3lmeXBDSUpIQW9nYW9rNzVsN1E1SGdkVmJfV3VBSzEtWTV1OElqLVBwb19aVzZGbUJTU01Bc3lacExWRkZDeGdPN21LQ1lrOHpZUmtiYnJLYXhkV2ZJWFg2Ykh0YzBBZnloLUNnZG04WFFCd090dw?oc=5,"Nifty Auto Today: Index Falls 1.79% to 27,981.95 Univest","""(Nifty OR Sensex OR ""Indian shares"" OR midcap OR smallcap) (falls OR selloff OR correction OR ""risk off"") when:1d"" - Google News"
2026-09-02T09:58:48+00:00,6,"['market selling', 'India market']",Business Upturn,Nifty 50 Falls as Indian Equities Close Lower - Business Upturn,https://news.google.com/rss/articles/CBMiowFBVV95cUxOSzRqWHB6UjVaYkZORWV4aERmUktWUWc5eVhSRkVaNlB5aXNEbC1ONzZSbXFGTmJaOGxrWnkzRks1cC1RQ1V2cmJEc290b1Q2OFg4U3dGREkzTFBfWDJMVktvNndPVHh6SmJJVVAyTWJVcExkbjllNmpISk9qRGx0SnhRT1dxOUQ4Nk8wQzBhcnZBUUo2RGg3YnFuaWluRVlRMUxj?oc=5,Nifty 50 Falls as Indian Equities Close Lower Business Upturn,"""(Nifty OR Sensex OR ""Indian shares"" OR midcap OR smallcap) (falls OR selloff OR correction OR ""risk off"") when:1d"" - Google News"
2026-09-03T03:17:07+00:00,5,['India market'],businesstoday.in,India’s mutual fund industry could double in four years: What is driving the AUM boom - businesstoday.in,https://news.google.com/rss/articles/CBMi4wFBVV95cUxOYk1ENXprcnRfYjkzOWttdFBSeFc2RkFna2Y5WE5CUVQ0TkNCRDQ1b2EwTWlQbkVPd29UVS1YVmJyZmRBd2FhUzNxdGpGSnhXa1VoY0p2aWdGVzJpbEcya2RqNXlPRENoMmh0YW56ajlJczg0S3FaNzN4YzFsR21mV3RnVmdrYWVldHFkZmR2QUJsNm1KYWh6Nm5zb041R21IdFphVmxCWFh3bmhBTFk1eHlXM1JvWFBwMG9UWmdOckUyUVg4bl9NQ1d4UFBzQTVSNGFoRHFYV3BJTEY4OG9Uek9NYw?oc=5,India’s mutual fund industry could double in four years: What is driving the AUM boom businesstoday.in,"""(""mutual funds"" OR SIP OR AMFI OR FII OR FPI) (India OR equity OR market) when:1d"" - Google News"
2026-09-02T16:41:11+00:00,4,"['market selling', 'macro / flows']",Yahoo Finance,"Snowflake Drops 4% Before Its Earnings Report, Datadog Falls 6%: Is the Software Selloff the Real Story? - Yahoo Finance",https://news.google.com/rss/articles/CBMinwFBVV95cUxPQk4zNHhnNnd3ZGJXeVVQdmY0NHlwRXBES3AxQndWMXBVU3JPSGJWWTI5RGN0TUZ2RkFNNHpEUjBkZG5zTFBHZXg4aVNEOEtCZkVRS0JUWm1sWkpPYW9iM2ZCZ3FpLW9NOFRNb3ZlUGxDMGVNR3drU0tseGtXMDIwWEptVzlJTWc0ZmtDNkhzLXlxSzBuQ3o1VlVNTGcwNFk?oc=5,"Snowflake Drops 4% Before Its Earnings Report, Datadog Falls 6%: Is the Software Selloff the Real Story? Yahoo Finance","""(AI OR ""artificial intelligence"" OR Nvidia OR semiconductor OR technology) (selloff OR ""market fall"" OR ""stocks fall"" OR correction) when:1d"" - Google News"
2026-09-02T13:28:00+00:00,4,['India market'],The Times of India,Yolo meets SIP: How Gen Z is rewriting money rules & mistakes they should avoid - The Times of India,https://news.google.com/rss/articles/CBMi9AFBVV95cUxOakstTkloUG00c3dHdS1HYk1tX2UtblA1RElodEJXMmExZ3lScUcwZzVjQklHQUdxZTRkTE9FNkVITDF6U3ZNLWhpTTlEZXFfNVBDZGxRa0JKRWJEZ2VMZGdlb1hlMHJ3OUdKMlhmQ3U5eV9KbV9PUGZBRmoyZTYzaVRwN2FmbENVTzV6R2ZuNWRVSWlZYkZjY2hnbVE1T3VzZEIxdFhaWGlkcmpGbzQ0V3l6WkpYRWNqRk50REwtbnYwbUxBUEN2T1BnZ2NWeFJxVWlfTzNCMUFhMXBoZWNjOUM4b0tiX3lIV1l5OUI1a3FqNGJ1?oc=5,Yolo meets SIP: How Gen Z is rewriting money rules & mistakes they should avoid The Times of India,"""(""mutual funds"" OR SIP OR AMFI OR FII OR FPI) (India OR equity OR market) when:1d"" - Google News"
2026-09-02T13:19:29+00:00,4,['market selling'],Livemint,"Invested near 2024 market peak? New study reveals lessons from past crashes on SIPs, lump sums and volatility - Livemint",https://news.google.com/rss/articles/CBMihgJBVV95cUxNTUpGeUZFXzhyOUpsS2lxRkttelFucEVqUmNNVnF6N00xOHYtRkJWRFdRMDFsUnFxbmh6Y2ZnU0dCZE1qTno3Sm9Gc2JLMk5RT05uODdta0VyZ3hjZXJWZGczdWRJYnE2Y05TVGdyWW5FbGd2WTUxMVVVS2JXVjZNcTIzS0Z5SWpPZTV0c25qcFA5UnRLRnl4bGxpX1JzOERJSnlvVUp5d3NreUd6QUxzSElJZHpWUGhlRE9wTTQydWJzbEp6SDJsUENsUUhmaWJSRVF0eG9wSFhmQWV2RG1DT3h0aGl1N1VzWDJHbEdWRGVlM0VTa0t6alJ5SWhJTGowY3Bidlp30gGLAkFVX3lxTE84TVVUUWltTTh4X2V0YUNrMy1rUTA1LU4wLWtiVmtmNk5iMHJFbU5qbVlKNzFGRXFfSFJ3MnBEMGJVZHF3SUZPR2lOenp0NW8zb1U5TnJZMWhOZzVJY1hkNHVuRFRUQ1I3d0ltSkhpZEdOcXppalU4MTJQUGV2cTQySGRYZG11M0tuT3hPN3NmWU56d2lRUW1hNTJEUGFMLXRPZUp0R1FHaDRmdk01dmJCNmFCb2J3MW82MGlpZEVIWXA2OXJNYnBIbFRMQ2hiQTNjeDQ0ZE9tZGdiZ2JwNGh4c1k4RmpMNEpCZHJHZXpxNzhzVmFuTE5kdC1FdmgyYklQQ3FmOVVabTR4NA?oc=5,"Invested near 2024 market peak? New study reveals lessons from past crashes on SIPs, lump sums and volatility Livemint","""(""mutual funds"" OR SIP OR AMFI OR FII OR FPI) (India OR equity OR market) when:1d"" - Google News"
2026-09-02T11:19:00+00:00,4,"['India market', 'macro / flows']",Mid-Day,"Sensex, Nifty extend losses for third day amid elevated crude oil prices, US-Iran conflict - Mid-Day",https://news.google.com/rss/articles/CBMi5gFBVV95cUxNSzYwRXRfRFh5OVpvbjBlZVM4bEY4Y0VOdEdUUk5VYmhBNlR0S09MYzNudmJiNzFFeTMwVTdfelB6VTdiaG9CS2tmbktpQkVDQUNCTWJQZzdGa01oVGxlY3NlZllCbjN5MTZCSVoxSkdtUmZLZU1oZF9vbWhQZ05iT21kSnBqeFI1am5HV0Nzck1MZmJ6ZUNyTnFhS3ZKVzFlWi1qYWpNZE12Nmo2ZVJKaWl1aTZFUnRnM0l0SDdJWk8xUkZVWFlxWHEyMC1IekhVQ2FGRVZZTWhWU19jUVRBc2kxOW9GUdIB6wFBVV95cUxPUDVwdWpxMmFGdUlNMzVwQ3F3emxoeUdndkR1ajQ5SElidkdYdWYxRkt4bF8yaUJTRGJpTnBTMzUwdjlwYVVnOElVYU1CMm9ob1JfSjRPb1FhMDQtWkdhdmItSzZWWlo1VEhSbUwyYzc0RHBRZEV2WGVXTExZVEE3NUItUVhFaXR6QjJpSlExSlVaNUZDNXBlcnpQaU9TcHRZZ1VXRGNaZVVzN0NvVFdtNzR1cHBVVkh4Yzl6bjBKaHBuNmpIQjNoTGxENS1EQ21iM1oxMk11WG1sOFJWUTdVUWtueWMzTXo0VHhN?oc=5,"Sensex, Nifty extend losses for third day amid elevated crude oil prices, US-Iran conflict Mid-Day","""(Nifty OR Sensex OR ""Indian shares"" OR midcap OR smallcap) (falls OR selloff OR correction OR ""risk off"") when:1d"" - Google News"
2026-09-02T09:54:38+00:00,4,['India market'],economictimes.indiatimes.com,Nippon Life India among top 5 AMCs with highest SIP AUM share in June quarter. Check details - economictimes.indiatimes.com,https://news.google.com/rss/articles/CBMi9wFBVV95cUxOeURXWjliYnlXdWxyOHpqb3RRb25JUHJfaE1ieTlYX25QNTY5U2otbTlPVm50VWd1a3NQQ3ZjRXFQajhJM1E0UGdFMklPQ0VIZzJYWnhMMEpwRVJRYnlPTTdvNENuSE9TaGlFNVhSN1hqOWItV2xYaGJyYjlNUEEyVUtIUXIwdWFSSUtPanBjMmRrSXk3UVplV0RrQjRMb25rVENXUU9DSHpCUk9peDlvRExDTXE3MHJMazBrd25PSGlseklqV0ExNmtMZU5FV18yRWpMNmRUNXJocUlMeE9sWjhXbUwtWG5CYUhCNFBaNy0zckM5Y0dn?oc=5,Nippon Life India among top 5 AMCs with highest SIP AUM share in June quarter. Check details economictimes.indiatimes.com,"""(""mutual funds"" OR SIP OR AMFI OR FII OR FPI) (India OR equity OR market) when:1d"" - Google News"
2026-09-03T07:30:04+00:00,3,[],Moneycontrol.com,Your 3-year-old has started school: How much should you invest every month for college – SSY and Equity SIP compared? - Moneycontrol.com,https://news.google.com/rss/articles/CBMimwJBVV95cUxOQjZ6cFItcGJSUFZEYUFWcmFVNng0ZUhCRk44c3N0TzdBTDh0OXEtUGszNzdnaXdxb1JSaEhJamJUVzB0aUF5OGFsc3lkb0JMTlI5RkxoVjB5WVRQMldISzRrNW43UHo4dVZQckRlTVFwMEdkSWEtN1NESGpUeE5sTUZkMThUTXVSeVJGR1QwNUFfYnBnZHlFby1fTGhVMUtWd3ZvV0w2S0duSk9FVWFLbTFBRTVhek5XNGdrSTh5Q1VydnFiOElsZDRpQ2hGWDJTZkJnMzlkNGE3YzlCbkxKaHhXOThUS3hfWm9YYkNablhmN3JNalNwb3NualFqZGxxb0o1WWNOVHhOS0hFVDhUOHhzbk1hUUkyc1lJ?oc=5,Your 3-year-old has started school: How much should you invest every month for college – SSY and Equity SIP compared? Moneycontrol.com,"""(""mutual funds"" OR SIP OR AMFI OR FII OR FPI) (India OR equity OR market) when:1d"" - Google News"
2026-09-03T06:46:24+00:00,3,[],Equitymaster,Highest SIP Returns: 3 Multi Cap Funds with over 17% XIRR in 10 Years - Equitymaster,https://news.google.com/rss/articles/CBMigAFBVV95cUxOUkljaGxKWk8yQXFEY01TQnBQeEVLekFfUURRRG8tbF96blJMSEt6dnVVS1R6VTRFcFRXdG5NcmJmMDZpZnJTRXljejFRdDN2aFp0MUlmbWNjSTVwQmkzMl9sYVdOY0YxekFoYlQ2Q0lYT0drZzk1Q1hHWTlTN3ZkUQ?oc=5,Highest SIP Returns: 3 Multi Cap Funds with over 17% XIRR in 10 Years Equitymaster,"""(""mutual funds"" OR SIP OR AMFI OR FII OR FPI) (India OR equity OR market) when:1d"" - Google News"
2026-09-03T03:55:58+00:00,3,"['India market', 'macro / flows']",The Economic Times,"Sensex rises over 150 points, Nifty opens near 24,000 as US bonds yields slightly ease. Why is caution sti - The Economic Times",https://news.google.com/rss/articles/CBMikgJBVV95cUxNUTFjVE85LTdsUXpFbEl1dHhrcDZta2hUQUNhYUNuRFZDQk4zTUxOX2p2S3J1YXN5MFNmcnlWRERXQlJiM2FIVE1LZGphRjBCMHlfTU5rVFBLMDY3QkVvV21OQ0J1TnhCRDMtanBQUFRHbG5BNzdMak1tZ19wVDJyc0NJZUF2U3BQV0I5WVZVclZWTlZUSk10OGFjeXY3aXc0OEltZlVpdzUxT1BRcGJUQzJNaWNJNEdjeDU5MzQ4V1dBclktOWNyRVNSRmE5VVNjTGFjY3B2LWpOR0FoMndUNzZzdHNLMkl3Zjd2bmdiYTAweDBMXzh1b2lmSDh6YlY0Qmk4NWhWbDZzU2I4T3g4NXh30gGXAkFVX3lxTFBhN3VweDlyVG1ZQ056VlFkbWxYa0NVT1Q3RTZFOFU3b2FaczNMN0tvU210U1pPTUx0N3BnNDd4Z1BZamV2a3ZUc2FLNEViMkFySFJpUXhSVC1SMkU5ZWdST293TWd4Vk02MFdLRWl0MTJ2Q2JpMXhlWTQ5X3JXa2lWOEZMWkdnTTMyNElTZmN4UEo5c0h6TUV6Ty1PRzBwRktPc29icE5kY093c296OVFoRmJ2Z2lTZm1DQmFGNE1QQmY0TzRWSS1zNTc1LXFfU202YkdvOGVUQlQ3cW11X2dSMHhqMkxzcDVqTEFGb2FiREIwZkdpZFVFNk5ORWlmRWR4bW5xd2VyWi1YYlRXektQZTlxMndZbw?oc=5,"Sensex rises over 150 points, Nifty opens near 24,000 as US bonds yields slightly ease. Why is caution sti The Economic Times","""(Nifty OR Sensex OR ""Indian shares"" OR midcap OR smallcap) (falls OR selloff OR correction OR ""risk off"") when:1d"" - Google News"
2026-09-03T03:02:44+00:00,3,['India market'],India Infoline,Gift Nifty Live Today: Nifty Sensex likely to open Positive signals Gift Nifty - India Infoline,https://news.google.com/rss/articles/CBMivAFBVV95cUxNT2MzU0NHNVRTSHZadFRnYlA5TG5tbzdwSW9ISDV3MFVONVdxVEUwVEJSdlhhVk5pdFdEanpwaklyMkpndVZsRmE2N1F2RlpQX05KNnRIeVFrMWszNDZWai1LbFA3ellDMjMzWmNoVS1oNzJQd1oyYWkxNEk1UGlFcGpkbHI5Q1lJR1pBYk5XcXQ0UlRmN0pFckRTbkpvMFBGT2g1MklKSTR0NFFjY0NEWXZUeUpzSmk2YU9hMw?oc=5,Gift Nifty Live Today: Nifty Sensex likely to open Positive signals Gift Nifty India Infoline,"""(Nifty OR Sensex OR ""Indian shares"" OR midcap OR smallcap) (falls OR selloff OR correction OR ""risk off"") when:1d"" - Google News"
2026-09-03T02:36:01+00:00,3,"['India market', 'macro / flows']",Moneycontrol.com,"GIFT Nifty jumps 125 pts, signals positive start for Sensex, Nifty; Asian rebound, softer oil lend support - Moneycontrol.com",https://news.google.com/rss/articles/CBMi-wFBVV95cUxNU2lpUWZMdDhQbXdqUHQyLThERlVRckYxZElwejQ3YU5wclcwWGx4MERiejRGYjBJMlVaNmJkZ3RMZ2JkYjY0T213aDBHN1NKX1dzZGZCVEpobndPR2Q4N0VwWWdKeTJsR05xdXNTUWZ1LTdkSEpjUDhmdHpRLVAxb0k5VXBNeFZNMHBIZEZXQVowMUg2NERoMTQ1U3dUclZmWWpCM3FRSktCM3dlOTR5WUpsV0R5Z0hoZEdGMWMtZDI5ZUt2VmQyTTBZX05aWDRTXzg2eUwwU19FcmFDWEZWU01BbGN5ZkxGUzE1SHNraUpEMnJtRW9wTHhGUdIBgAJBVV95cUxONVBYanFsRXdvdThHTlctZmw1ZlFLNTdqaUtzMlZsd0xIQ3JsSkg0VklpZHIwYnZwYmJlMUw2anFMY1dFMTNCRmw4cVJ0em54TmJnbE1HTG9KczYxNFNrLXhYNWh3bVVnTUtEX2I5b0dHRXg4MFVwXzRoMllUZmpSVFMwR0NzSURQMVpYd3BtbWZCcUdvOTNfOGo2bUZtYzIzZVA1dURPazVOSllOMlVnY1d0amd3d3AxS05tTUsyVklKREtXSUFoNFlmRndhOHZvajduQVBHSDVJaFF1WjlFamI3VThUT0xNel9sZ09VZTZHY2picjFtckNuZHlRYVE5?oc=5,"GIFT Nifty jumps 125 pts, signals positive start for Sensex, Nifty; Asian rebound, softer oil lend support Moneycontrol.com","""(Nifty OR Sensex OR ""Indian shares"" OR midcap OR smallcap) (falls OR selloff OR correction OR ""risk off"") when:1d"" - Google News"
2026-09-02T21:53:42+00:00,3,"['market selling', 'macro / flows']",BBN Times,"DAX 40: Frankfurt Stocks Fall to 25,839.33 Amid Crude Oil Jump, Industrial Slowdown and Middle East conflict - BBN Times",https://news.google.com/rss/articles/CBMi2AFBVV95cUxOQlYzR2VGSDVfMWhsMWNpUUxpZ0tmMHI0V0dhTDZFR2hQdDRuSG94Y2pLdFRPcEJyWGJwSzNXM0IzdlFBTFNhaTRSVXZhTkhsYzJOWjBLWjdzSWMteF8zbnJRVmJKNm1DNU5VZlptai1GYVhFckRtVTVMNmg2NFZaVms1S0xWSFpzRDlJT2lHRTBRcWIwNUNSNnFMLVV3azJYYUNaMUs4YXdKSFdtb2swN2hQVVFGa0ZyOFd1MFZKT01KWlRndFFHQjVORnFELThPdXRTcE94cFc?oc=5,"DAX 40: Frankfurt Stocks Fall to 25,839.33 Amid Crude Oil Jump, Industrial Slowdown and Middle East conflict BBN Times","""(AI OR ""artificial intelligence"" OR Nvidia OR semiconductor OR technology) (selloff OR ""market fall"" OR ""stocks fall"" OR correction) when:1d"" - Google News"
2026-09-02T16:46:46+00:00,3,"['market selling', 'macro / flows']",uttarakhandnewsnetwork.com,"Indian Stock Market Ends Lower as Global Sell-Off, Crude Oil Surge Weigh on Sentiment - uttarakhandnewsnetwork.com",https://news.google.com/rss/articles/CBMi4AFBVV95cUxObVltbXJxZkRWc3YwRHJnUFRkbEY1bnB5NUxWbkUxM2xmMVBQLUxyWGtydEZJVGlud3lmYmF1bDhhRzVSSFVaVVMyVWx0T0dhbXVGbEljWC0zY0d5MDk3SzI1MHdpRTMyVThDbVk2RHVHRUNNcExHUFo4eUdMY1ZCV3JoWmg0UFFQZkVZb013N2J5cWI4R1JsOW1ZNVFaaGlBSTM3cTZhQU91eFZyYnBsQXY5SDZZc2tnVUx0dWllMlVSd0JWek9PX3BOX2xwT1NrenVaVVZCRk9vZlJkXzYzd9IB4AFBVV95cUxObVltbXJxZkRWc3YwRHJnUFRkbEY1bnB5NUxWbkUxM2xmMVBQLUxyWGtydEZJVGlud3lmYmF1bDhhRzVSSFVaVVMyVWx0T0dhbXVGbEljWC0zY0d5MDk3SzI1MHdpRTMyVThDbVk2RHVHRUNNcExHUFo4eUdMY1ZCV3JoWmg0UFFQZkVZb013N2J5cWI4R1JsOW1ZNVFaaGlBSTM3cTZhQU91eFZyYnBsQXY5SDZZc2tnVUx0dWllMlVSd0JWek9PX3BOX2xwT1NrenVaVVZCRk9vZlJkXzYzdw?oc=5,"Indian Stock Market Ends Lower as Global Sell-Off, Crude Oil Surge Weigh on Sentiment uttarakhandnewsnetwork.com","""(""broader market"" OR midcap OR smallcap) (selling OR correction OR fall OR volatility) India when:1d"" - Google News"
2026-09-02T13:22:39+00:00,3,[],scanx.trade,"Affle 3i meets mutual funds, wealth managers on Sep 2 - scanx.trade",https://news.google.com/rss/articles/CBMiqgFBVV95cUxNbXhtSlFIRHg3Y190bS1SSGZDMk1XWTBNWklDMXZEaVlZQmdQZ1dzZldkckhocGZWUkdHSUtYejFNa1dkRW1BbXc1WXIyY1p6SzQ2M1ZuY2VweTg2SWVybG1lY0ROaDVMbUwxNmt4ZTRwTTlvdmY3TDFnQk1PZ0JYSlBSOFRSeVRmTzlNQTh3SzZ1eWJfdE0zWGI1QmJiRjRLczV3NWpyVDRwUQ?oc=5,"Affle 3i meets mutual funds, wealth managers on Sep 2 scanx.trade","""(""mutual funds"" OR SIP OR AMFI OR FII OR FPI) (India OR equity OR market) when:1d"" - Google News"
2026-09-02T12:12:00+00:00,3,[],24/7 Wall St.,Goldman Sachs Says Hedge Funds and Mutual Funds Love These 4 Dividend-Paying Financials - 24/7 Wall St.,https://news.google.com/rss/articles/CBMiuAFBVV95cUxPa1Y4MXcycVBwMXhiZExKdER6bHhndUZ5Z2piVWh2Q0F2d2pvVGxaX0ZqVWtRTGphSFc3TG5RX1dxTF82NWJBQnhUZ244VEFhUnNuWm9uN20zdlpISVRfemMxYTZZbHFfY21teURzU3BLc3VmXzlzcnFXVk1CLTVZdk9JNGVKTlFTcUwzR29yenJhMmtSODg5TTR4bjE4QzJscmhCR3N4Xy0yMmpyT29qNldxNXo2MGk1?oc=5,Goldman Sachs Says Hedge Funds and Mutual Funds Love These 4 Dividend-Paying Financials 24/7 Wall St.,"""(""mutual funds"" OR SIP OR AMFI OR FII OR FPI) (India OR equity OR market) when:1d"" - Google News"
2026-09-02T11:49:22+00:00,3,[],tradingview.com,"RXIL weighs insurers, mutual funds to deepen MSME financing - tradingview.com",https://news.google.com/rss/articles/CBMitgFBVV95cUxNM2ZTQm9BdFRYRGtBaVZ4TkplZjF2U2FGVXpFdG5tUHFzZlc2LTg0b21lWkdaeUJVNnE2cFpVVDVfQWVkUkVmY3FSaW1WRWc0M2xGa1BaUnNHTEF4NFFUdXJoLUpDdEF3a1BmQ3h2OHhyZTR0UnpmWW13V1EyWWtNckhZOVVfSEtKa0hDT2lGNS1VaXM5MHlNbVF0R2ZrdHdZWE5IdE9fZTE2cE9qN2hZc0MzWlNqdw?oc=5,"RXIL weighs insurers, mutual funds to deepen MSME financing tradingview.com","""(""mutual funds"" OR SIP OR AMFI OR FII OR FPI) (India OR equity OR market) when:1d"" - Google News"
2026-09-03T09:36:04+00:00,2,['India market'],Moneycontrol.com,"Sensex, Nifty Erase Gains, Turn Flat; Smallcaps Jump 1%, Realty Outperforms | Closing Bell - Moneycontrol.com",https://news.google.com/rss/articles/CBMi6wFBVV95cUxPWUNsOUpkZGhwZzlLYkt1c2JRSHROb0owZk1nR3ViMG14UXVlWDM3ajJUUkFYMlBjbkRGY0hFU0RLakpHd1JTNWQ5a2M4S3hDU2xBZi1vS1ZELVFCc3pGekZBQjlvbnAwWjNxNWxhSWNPZnEzWjZ2ZDh1cjhsTDVDZWtTRTc5a2gtWFUwRlphYkI0ZjdQVmlOUnRBajBGUnJBSmdZYVdIcmMxWDlkWHBJOHM3VkZNRkFxNW95TnNXeEg1QnFPZXIwTGlaQkRMd1ZMaG5iUUd4VGlmMTFhb2RrOVB4TE9BbjVJOWlZ0gHwAUFVX3lxTE5aZFFQSjBoU2kxbDRDMHpwMUo5V09feXFiT2lMWmNLUHhDS0FOUmV0cE5Sb2FTODI5a0hvaEJXLWxsYS1jN0pNajRJd3JoQlRYMlJoM2ozNWlIbHRiUVlYN01jV0tuSWI3elU3bTU0Tkh5aHZpbHU5UnRzRnFPU1dpM1hRVnlIUkZDdEpsWThLLTZ6RmJpQXRaT3VyMXd0c3huMzlwOFNnNFRtU0QzYmpuTl9kZXMyQlFaNTRMMjI2WHpqeUxqYW5hQ3JHVkliSzhtdzRVV3VYS2FMVHY0MFJOeTBfQnI3YVItSk9fZ0VsOA?oc=5,"Sensex, Nifty Erase Gains, Turn Flat; Smallcaps Jump 1%, Realty Outperforms | Closing Bell Moneycontrol.com","""(""broader market"" OR midcap OR smallcap) (selling OR correction OR fall OR volatility) India when:1d"" - Google News"
2026-09-03T05:13:00+00:00,2,"['market selling', 'macro / flows']",bloomberg.com,World’s Unusually High Dollar Exposure Risks Fueling Selloff - bloomberg.com,https://news.google.com/rss/articles/CBMisAFBVV95cUxNYWQzQzFfUmVlRlRHQkxaMnM0WC1oamw3eER3VzZVeEtGSExkTHRxOU1mQTdYWFVTYU1QRkZTcW5Xd2xBQVFJMWRUNF9ieXJUTlhyVFlwcHBlbHo5Q2ZZaHdSZnk5MTVmelNMakYyb1c4Q1ZtRWpRSjdoUWJmSmd6bWZrMEx2bGlWNGtabnRnbHRlZXBjRF9aNkRuUS1KMTZ6WW91ZHcwUGE1QlZTTkJldg?oc=5,World’s Unusually High Dollar Exposure Risks Fueling Selloff bloomberg.com,"""(AI OR ""artificial intelligence"" OR Nvidia OR semiconductor OR technology) (selloff OR ""market fall"" OR ""stocks fall"" OR correction) when:1d"" - Google News"
2026-09-03T04:27:59+00:00,2,['market selling'],Business Upturn,"IT stocks today September 3: Persistent Systems falls 1.78%, Coforge down 1.51%, HCL Tech declines 1.10% - Business Upturn",https://news.google.com/rss/articles/CBMi5gFBVV95cUxNNk5uR1E4R3l3LWxkaHR4OTNVZ0pHSU5mSkVlNVlFMmdlZWo3ZXNINVhWUVZFMXRkOGxMQ21LcWZpdTF0cXQzbVg4a0FNZ0Fsa2RJSEY4bWpyY1hSMmNTelgyeG8ycDJnRXozeEdJYXo1VzVid0RkRGFiNTRqdGE3N2k1RE10eGZuUk44S2dET1hLMlJTUHAtcXdnOXlQak85bUVTN3FMUFk4bS14Tkg0YlBqTm5MLWkxaTJDNnYwbDNLaUIwaGlEWDFENHJSUEFlWWYzQjBFRU5zeFRCdmlXSWotUEpIdw?oc=5,"IT stocks today September 3: Persistent Systems falls 1.78%, Coforge down 1.51%, HCL Tech declines 1.10% Business Upturn","""(Nifty OR Sensex OR ""Indian shares"" OR midcap OR smallcap) (falls OR selloff OR correction OR ""risk off"") when:1d"" - Google News"
2026-09-03T04:12:00+00:00,2,['India market'],tradingview.com,"Sensex gains 300 pts, Nifty reclaims 24,000: Buying in bank shares among 7 key factors behind market rise - tradingview.com",https://news.google.com/rss/articles/CBMi-gFBVV95cUxNQXVadmI0T3lZVDRMOWI1SmI0TGpUQVlJMmd6emdFaUlMRFdmYl9mS011bkREaHlOaVdMVzNIMXhaMXFBdW1OTUdfakc5MWlsSWl6eGhHZW9vUngtUWxZNnlnU2Q4T3J2TWtWb0ZNVlgza2ZvbFVadnRnUXlFSW5OdjY3Zk1SOWVyQ092QzdrZlJ0U3hWamJycXhGd2hIZmhjUTktMWxMcEFWb2JnZ3U3YWJoSV84ekdRSnQycU5IdnN4aWNPXzVMc1FMR0RTSmlYekdDX0R6eU5qMkcxUEgzNnVWWjd2NEltYnBBaFBPbnQ5Y1Q3LXRyMzV3?oc=5,"Sensex gains 300 pts, Nifty reclaims 24,000: Buying in bank shares among 7 key factors behind market rise tradingview.com","""(""broader market"" OR midcap OR smallcap) (selling OR correction OR fall OR volatility) India when:1d"" - Google News"
2026-09-03T03:59:06+00:00,2,['India market'],The Economic Times,FIIs are showering India with billions. Why are Nifty stocks missing the party? - The Economic Times,https://news.google.com/rss/articles/CBMi5gFBVV95cUxQUE5iTEhFdFg3YjkwUTEyc2UtUnk1bTJhdVVZNkpaT3lRZ2cyNVRlTGE3QkFGMkhsRW01TEQzakdGLXo3a2FvdmdJMzBmdEpadWU4NmhCYzUxVl92NUxjV09neldYUVlDbUpjWnRTZk5DSklLQWZabjFGdU5WRk1BUjkwRjNxWHNzVVhTdlBFcVhFaWR5WWxEZzVqM193VHJfaGlGamhCMzdja21VSFE4ei1HaTBIVGhhYWZUZ3FfYjJyTXRsdHJhaDliaTI0OWFBRHdycjJxNzdtcW0wU3VVQkZ1X3BnQdIB6wFBVV95cUxQeGdhLTlabng4cVRtUnpOUXpGbkRWcDVURkRHb2oyRTUyd0YzZEZGUDdOcEx3Yi1MRC1WUmxQMmRrN0NXeTVWeEd1R3VheGVhYnc0cUk4UG00TXdPd0twMDNsLV9pLXlyenJCbzJJSkdSZ01WZGZNWFZMME5WUG9TZjNqZUNuSUlHTDB1TVc2TlRSU3IwaWc4UlZqZ3JqU1V0VWFqdnhCLWQwYlZ6T3VUSmE5cEFOZ3d5X2RYTFJlUURCSVphcm1IUXNKZ01YSzAxZV9aNjRLOHdlbEJncU1OOTE3NS02TTZTa1Iw?oc=5,FIIs are showering India with billions. Why are Nifty stocks missing the party? The Economic Times,"""(Nifty OR Sensex OR ""Indian shares"" OR midcap OR smallcap) (falls OR selloff OR correction OR ""risk off"") when:1d"" - Google News"
2026-09-03T03:59:00+00:00,2,['India market'],The Economic Times,FIIs are showering India with billions. Why are Nifty stocks missing the party? - The Economic Times,https://news.google.com/rss/articles/CBMi6wFBVV95cUxQeGdhLTlabng4cVRtUnpOUXpGbkRWcDVURkRHb2oyRTUyd0YzZEZGUDdOcEx3Yi1MRC1WUmxQMmRrN0NXeTVWeEd1R3VheGVhYnc0cUk4UG00TXdPd0twMDNsLV9pLXlyenJCbzJJSkdSZ01WZGZNWFZMME5WUG9TZjNqZUNuSUlHTDB1TVc2TlRSU3IwaWc4UlZqZ3JqU1V0VWFqdnhCLWQwYlZ6T3VUSmE5cEFOZ3d5X2RYTFJlUURCSVphcm1IUXNKZ01YSzAxZV9aNjRLOHdlbEJncU1OOTE3NS02TTZTa1Iw0gHrAUFVX3lxTFB4Z2EtOVpueDhxVG1Sek5RekZuRFZwNVRGREdvajJFNTJ3RjNkRkZQN05wTHdiLUxELVZSbFAyZGs3Q1d5NVZ4R3VHdWF4ZWFidzRxSThQbTRNd093S3AwM2wtX2kteXJ6ckJvMklKR1JnTVZkZk1YVkwwTlZQb1NmM2plQ25JSUdMMHVNVzZOVFJTcjBpZzhSVmpncmpTVXRVYWp2eEItZDBiVnpPdVRKYTlwQU5nd3lfZFhMUmVRREJJWmFybUhRc0pnTVhLMDFlX1o2NEs4d2VsQmdxTU45MTc1LTZNNlNrUjA?oc=5,FIIs are showering India with billions. Why are Nifty stocks missing the party? The Economic Times,"""(""mutual funds"" OR SIP OR AMFI OR FII OR FPI) (India OR equity OR market) when:1d"" - Google News"
2026-09-02T16:05:24+00:00,2,"['market selling', 'macro / flows']",AD HOC NEWS,SK Hynix's Won-Dollar Balancing Act Collides With a Geopolitical Selloff - AD HOC NEWS,https://news.google.com/rss/articles/CBMi3AFBVV95cUxOdFRGdVBHejFRYzJsQkFKUU1kVGVaTHktN2pyNzF6TVRJNUgzWXRqOHhSMkRpUlVCOGhTWi1YdHZLNDdkVkFRckxzaThtWVI3Q2d2WUVoSDVCU2ZyZk1HTS1pQk5sdEtPMi1TUXNFak1DajJSVWF1eWF2V1RKWlpYdXFIdWk4N21fYWlOMDMxeGZYUUNxczZIbWNpUnI3Qzd3ZTlvS0c2ZlV1RktXZGg2TVdOcDJkYlE3a0MycERMclZmV21icjc0SXVFUkNNaVNnZ08xZExuX0RHdWRD?oc=5,SK Hynix's Won-Dollar Balancing Act Collides With a Geopolitical Selloff AD HOC NEWS,"""(AI OR ""artificial intelligence"" OR Nvidia OR semiconductor OR technology) (selloff OR ""market fall"" OR ""stocks fall"" OR correction) when:1d"" - Google News"
2026-09-02T13:11:41+00:00,2,['macro / flows'],theunitedindian.com,"Indian Stock Market Today: Oil Shock, Global Yields and Iran Tensions Keep Bulls Under Pressure - theunitedindian.com",https://news.google.com/rss/articles/CBMiqgFBVV95cUxNa3hKanA0Qk9NUTctZ2FoU2lxZ3NScW03cFlsZWNNQzVkMzFQY3BSTjFVS0RrTUV6T1htVVd6UFBVMC1fa1l3RXZvdWRObk1XTnJrTXI4Y1RLb0lFVVlVek54QmFFb3R3VjhmQ05Zek52V1YzMDZjd2IxblNlYXUyb3F3aVd0eUdGVXF0UXljTUkyYm1PNDZvRWhiOU9WSTJfN09EdjhlWkNHUQ?oc=5,"Indian Stock Market Today: Oil Shock, Global Yields and Iran Tensions Keep Bulls Under Pressure theunitedindian.com","""(Nifty OR Sensex OR ""Indian shares"" OR midcap OR smallcap) (falls OR selloff OR correction OR ""risk off"") when:1d"" - Google News"
2026-09-02T12:12:21+00:00,2,"['market selling', 'macro / flows']",The Hindu,"Stock markets fall for third day amid escalating tensions in West Asia, higher oil prices weigh - The Hindu",https://news.google.com/rss/articles/CBMi8wFBVV95cUxOb2lBeF9lc0UwdWVpTXRyYVJtbXl0c2k4UWZFaGFDSldwRExsMlpVQ3BVVUE0U0ZoSFVBWXBKbmhhYW5VR1JtTjVYXzhhTFpzNm9zVFJKNVhvUU1xVlV0dFkzZk9fRmtYa1hJVThMWWtFSXFJSmhKZldjVUllNWdJaGpyRFdTRUJycFhQVndscTlxQ056ODh4b2UtbnVkWFUtTUVxcm5FaTlwVHZKYUVyaWhWRXlGZHBUUWRqU1NhSHJpMDkzSmVXajU2Y19tQ0hLX0w1WV84Wm9WSnFRUlltQjFDZ2w5OWg1VXpqLUl3WGx4aWPSAfMBQVVfeXFMTm9pQXhfZXNFMHVlaU10cmFSbW15dHNpOFFmRWhhQ0pXcERMbDJaVUNwVVVBNFNGaEhVQVlwSm5oYWFuVUdSbU41WF84YUxaczZvc1RSSjVYb1FNcVZVdHRZM2ZPX0ZrWGtYSVU4TFlrRUlxSUpoSmZXY1VJZTVnSWhqckRXU0VCcnBYUFZ3bHE5cUNOejg4eG9lLW51ZFhVLU1FcXJuRWk5cFR2SmFFcmloVkV5RmRwVFFkalNTYUhyaTA5M0plV2o1NmNfbUNIS19MNVlfOFpvVkpxUVJZbUIxQ2dsOTloNVV6ai1Jd1hseGlj?oc=5,"Stock markets fall for third day amid escalating tensions in West Asia, higher oil prices weigh The Hindu","""(Nifty OR Sensex OR ""Indian shares"" OR midcap OR smallcap) (falls OR selloff OR correction OR ""risk off"") when:1d"" - Google News"
2026-09-02T11:38:35+00:00,2,"['market selling', 'macro / flows']",BNN Bloomberg,Bond selloff deepens as oil prices and public debt fears jolt markets - BNN Bloomberg,https://news.google.com/rss/articles/CBMiuwFBVV95cUxQVDBSOXNaYzFsTnltc2FEVm1sbnpiallIOVdvZjZkSjI1OEUwN09MZWI3OUZlOGx1UDFuS0l6U1RFZnY5YXI4OEkwUUJLWXRCbC1oNi04RXBiZkZNYUNlQ09UODRNZDdOdFZxejdPamtjR2JEVU92WkVrM3QzclI0WHBrM3FiQ0Z6ek9hcmZOZHFjaFRHOXdDOXZZRGxlanVmREVqUnhsZy1lRmFmdFlKeUQ0SFdfbXJOOWdz?oc=5,Bond selloff deepens as oil prices and public debt fears jolt markets BNN Bloomberg,"""(AI OR ""artificial intelligence"" OR Nvidia OR semiconductor OR technology) (selloff OR ""market fall"" OR ""stocks fall"" OR correction) when:1d"" - Google News"
2026-09-02T10:53:11+00:00,2,"['market selling', 'macro / flows']",Rediff MoneyWiz,"Stock Markets Fall Amid West Asia Tensions, Rising Oil Prices - Rediff MoneyWiz",https://news.google.com/rss/articles/CBMitwFBVV95cUxPQllSNnFVU3RZakJrUDdqTVZSZjlkLXFXSnZ4MVdydzJ2RFVyVWpWejdzb3VzVXBIcWRPYk9iSHJFMGF2VC1uSk4yNXZSOVQtcnZLNzNQNGR4S3lQMHlBdUt1TjluMEU1QWMzc2VRM0wycmdyN1R1LTFQTEgzU1pvU08yNHV4UGRZYjVObTF2bklmcFdrRlBxeVMxdkltd0VtMlU3TUZaSE1SSUtDUzFsNVNXQWJvazDSAbcBQVVfeXFMT0JZUjZxVVN0WWpCa1A3ak1WUmY5ZC1xV0p2eDFXcncydkRVclVqVno3c291c1VwSHFkT2JPYkhyRTBhdlQtbkpOMjV2UjlULXJ2SzczUDRkeEt5UDB5QXVLdU45bjBFNUFjM3NlUTNMMnJncjdUdS0xUExIM1Nab1NPMjR1eFBkWWI1Tm0xdm5JZnBXa0ZQcXlTMXZJbXdFbTJVN01GWkhNUklLQ1MxbDVTV0Fib2sw?oc=5,"Stock Markets Fall Amid West Asia Tensions, Rising Oil Prices Rediff MoneyWiz","""(Nifty OR Sensex OR ""Indian shares"" OR midcap OR smallcap) (falls OR selloff OR correction OR ""risk off"") when:1d"" - Google News"
2026-09-02T10:16:44+00:00,2,"['AI / tech risk', 'macro / flows']",Moneycontrol.com,"Emerging-market stocks extend dollar lead over S&P 500, driven by Korea-Taiwan AI hardware - Moneycontrol.com",https://news.google.com/rss/articles/CBMi7wFBVV95cUxQLVY1dFUzWWNjb1dobVUySDF1anF3MjFoWDktUnFEaHRrSTM5RmozWXMtY0ZocGYyVDNmY2RoU2kwMFNWYXJfaVpwckdDNVFnUmo4aDcycTJxeE55YjM2azhpenU4Yy1yRzcxaTEzSmNUVXFyX0YxM1Bya1dPQ0MtRUNaSG00Rk1XTnlDUTUzN3IxQ081ODRVRDUxVjFNWWxzVWRvdmF5dkhKQ2NIeVJ2aDIwUFpSSUtJWmZMRHk4ZFV4aEpZNk5tREUyOU1LU1pzR001SjNpVmNGVDVFYzJJUkhpZFJoN2RHTng5LXRkONIB7wFBVV95cUxQLVY1dFUzWWNjb1dobVUySDF1anF3MjFoWDktUnFEaHRrSTM5RmozWXMtY0ZocGYyVDNmY2RoU2kwMFNWYXJfaVpwckdDNVFnUmo4aDcycTJxeE55YjM2azhpenU4Yy1yRzcxaTEzSmNUVXFyX0YxM1Bya1dPQ0MtRUNaSG00Rk1XTnlDUTUzN3IxQ081ODRVRDUxVjFNWWxzVWRvdmF5dkhKQ2NIeVJ2aDIwUFpSSUtJWmZMRHk4ZFV4aEpZNk5tREUyOU1LU1pzR001SjNpVmNGVDVFYzJJUkhpZFJoN2RHTng5LXRkOA?oc=5,"Emerging-market stocks extend dollar lead over S&P 500, driven by Korea-Taiwan AI hardware Moneycontrol.com","""(""mutual funds"" OR SIP OR AMFI OR FII OR FPI) (India OR equity OR market) when:1d"" - Google News"
2026-09-03T08:51:42+00:00,1,['market selling'],Investing.com Canada,European stocks rise as global bond selloff eases By Reuters - Investing.com Canada,https://news.google.com/rss/articles/CBMiogFBVV95cUxOUWxqaEc0c3JVWmJkNk9xTk8xTjhMRDBfd01QdXdPN0ZtOGxfYjhkOGFRSFYwUFk3RHhaS3hOSjJUSEVWLTJaaTZPYXVBbmtJMVRJZFZLN1lsamMtU2F0U2I0VWdzWTV5M3BwRWVtRGxqZVBTZzd5RXVTUm1CbTJvWW1TVHJaTzJzd1VSYk9ZUkVJMldFeDlYaEYwU0RuWTFLMlE?oc=5,European stocks rise as global bond selloff eases By Reuters Investing.com Canada,"""(AI OR ""artificial intelligence"" OR Nvidia OR semiconductor OR technology) (selloff OR ""market fall"" OR ""stocks fall"" OR correction) when:1d"" - Google News"
2026-09-03T08:06:00+00:00,1,['AI / tech risk'],finance.biggo.com,"Hyundai Elevator's ""Yong Hye-in Theme Stock"" Stigma Fades as Shares Rebound—The Real Driver Is AI Power Generators - finance.biggo.com",https://news.google.com/rss/articles/CBMidkFVX3lxTE5PVXJnMW9OQ1pDaFlSTWpwMWxBQkFidDZZRVR1bEhCeERkTWoxM3pBRGowUGRRTnMyWTlKeG5OWDNCZ2JHUXNidE9Wcm0yN053ZmVmSlVrcXc2UWV2M0U3MW45bHRiV1dydTdjYXkydURBczFzYWc?oc=5,"Hyundai Elevator's ""Yong Hye-in Theme Stock"" Stigma Fades as Shares Rebound—The Real Driver Is AI Power Generators finance.biggo.com","""(AI OR ""artificial intelligence"" OR Nvidia OR semiconductor OR technology) (selloff OR ""market fall"" OR ""stocks fall"" OR correction) when:1d"" - Google News"
2026-09-03T08:00:29+00:00,1,['macro / flows'],WTVB,European shares edge higher as bond yields ease - WTVB,https://news.google.com/rss/articles/CBMihAFBVV95cUxNLUdpZURvTmsxbEtZalhsWjlvd1dPZEdESUFYY00yZXppa0FyQ1VmT0NST0RJVDZpcGRvdzlYa0lmQmREWmFaU18waUQ1Zjhwak1yMWtMSF9DenF1MmltVjRHUG1OZUhOUEQtSEtvd001dVprQm10OE8xX0JnckhUNUxPNUg?oc=5,European shares edge higher as bond yields ease WTVB,"""(AI OR ""artificial intelligence"" OR Nvidia OR semiconductor OR technology) (selloff OR ""market fall"" OR ""stocks fall"" OR correction) when:1d"" - Google News"
2026-09-03T07:26:29+00:00,1,['AI / tech risk'],Invezz,"Broadcom’s AI revenue surged 221%, so why did the stock tumble 5%? - Invezz",https://news.google.com/rss/articles/CBMitAFBVV95cUxNa1ZVWE02U21NTFcwb1NjWDB0d0M4NkVYZ0VwbkVaQkRlRHUweTBYcVYyTkx6SVRsSXZjT0Jvel8tZlZPbmN2YVdjV0piVm1aTVVpVU5iMnlXZTVmM0RIMWlWSk9uQkhUY2tZdC1FWHZ6NHBfQU5tc1dQcFJYOW5HQUxROTFzb1pjZUdoVHkxbEZFQmdFdG53dnZwTUwwTWx6UG9MYXZvTnp1RGJxYVFUcXphOXg?oc=5,"Broadcom’s AI revenue surged 221%, so why did the stock tumble 5%? Invezz","""(AI OR ""artificial intelligence"" OR Nvidia OR semiconductor OR technology) (selloff OR ""market fall"" OR ""stocks fall"" OR correction) when:1d"" - Google News"
2026-09-03T07:16:19+00:00,1,['AI / tech risk'],KLSE Screener,"Asia’s economies avert energy shock via fiscal buffers, AI boom - KLSE Screener",https://news.google.com/rss/articles/CBMisgFBVV95cUxNcGh0aXhTaTducHlqcTgteEVNM2pwaklLaUltRmhnUXlCT2pPYXIyVkJQVl94ajdXNHJtaGUyX1l0ak9fbWxFbjFzOTZQQWJ1UGF4RDhVY2xoekVMWWpNYURGN09kZExFQ0dXYUJuOGpOYVo0R3BlTlZ2QlRvRHVJQUZobGZ4Zmo2UlAxRDBLcTl1MVJfWVVvVm5pcENtZlFoOWpZRG9uZ2NkT19vYXpBTVhB?oc=5,"Asia’s economies avert energy shock via fiscal buffers, AI boom KLSE Screener","""(AI OR ""artificial intelligence"" OR Nvidia OR semiconductor OR technology) (selloff OR ""market fall"" OR ""stocks fall"" OR correction) when:1d"" - Google News"
2026-09-03T06:35:00+00:00,1,['market selling'],finance.biggo.com,"JPMorgan Abandons Correction Call in a Single Day, Turns Bullish on Semiconductors and South Korea-China-Taiwan Markets - finance.biggo.com",https://news.google.com/rss/articles/CBMidkFVX3lxTE85bVROWW1fSWk4anFMUF8wOS1wZ0EwUS0zR1I0Q251TUFzWjZpQWVLT0dMWThvMjNNT3N6MzdBcWVzSF9XTkFBWkFpc1E5UGNYODV1TXhSeFVHWGN3NE5uV3ZZaDRpc1VIeDVBSXdHNjBWQnhhY1E?oc=5,"JPMorgan Abandons Correction Call in a Single Day, Turns Bullish on Semiconductors and South Korea-China-Taiwan Markets finance.biggo.com","""(AI OR ""artificial intelligence"" OR Nvidia OR semiconductor OR technology) (selloff OR ""market fall"" OR ""stocks fall"" OR correction) when:1d"" - Google News"
2026-09-03T06:18:18+00:00,1,['India market'],Business Upturn,Nifty 50 Inches Lower at Open as Indian Equities Edge into Negative Territory - Business Upturn,https://news.google.com/rss/articles/CBMiyAFBVV95cUxObS1NeFNtSVQtenJDNFZMZjVJTWdhdUJ6M1ZGTmR5dE5EMmEzSVU0akJ5V05LbFVDbVdpamE0VzQ3TGxGUnA4MXd1c1MzUVdEVDZ6X1l6d2pENXIyUVozNkhkenFXRnd1S3BfUDh3SFlwd1JlWHdrNU9icEVZdUQ0Z1dpVTAzN3JaZ05BbWtNc2c0ZkRYcmVkTi1OSlgwVGJ5TW5mZzRhd3ZIaHdFaFFIVDRic2Q0TlFvenhkaEZCM2lNWmIzdmxxWA?oc=5,Nifty 50 Inches Lower at Open as Indian Equities Edge into Negative Territory Business Upturn,"""(Nifty OR Sensex OR ""Indian shares"" OR midcap OR smallcap) (falls OR selloff OR correction OR ""risk off"") when:1d"" - Google News"
2026-09-03T04:45:00+00:00,1,['market selling'],PANews,"Wall Street Morning Brief: Treasury sell-off pauses, US stocks close higher; software stocks and Japanese bond auction harbor hidden concerns - PANews",https://news.google.com/rss/articles/CBMif0FVX3lxTE1mcUVtYkVScDJCY210cUliN0NoVVNTdkFjOFNaWVI0cF94N2pZNzVHRlVQQU0yUUctckhNOEFEVE1nUS1SZEtaQk5lSjlkSzVFaG9Ha19MVS1BRGh1OHh2UTZJUmJzb0tmYkhuYlpZNUJ1VURqZkRqWlBrc2dfUUE?oc=5,"Wall Street Morning Brief: Treasury sell-off pauses, US stocks close higher; software stocks and Japanese bond auction harbor hidden concerns PANews","""(AI OR ""artificial intelligence"" OR Nvidia OR semiconductor OR technology) (selloff OR ""market fall"" OR ""stocks fall"" OR correction) when:1d"" - Google News"
2026-09-03T04:24:22+00:00,1,['market selling'],Межа. Новини України.,US Stocks Rebound After Three-Day Selloff as Investors Target Oversold Sectors - Межа. Новини України.,https://news.google.com/rss/articles/CBMiZEFVX3lxTFBXdVJMRDE1elRaRDU1d0IwNDUwMGtld21HR19xdnB6VGhoYTdxRHU5RjRhNG5iVXZFY0N1ODRoZEdqZlB5UHZMT0F1b3RHbUkxS3lJMVA0SmVUUlJjY3M4SXZtVFQ?oc=5,US Stocks Rebound After Three-Day Selloff as Investors Target Oversold Sectors Межа. Новини України.,"""(AI OR ""artificial intelligence"" OR Nvidia OR semiconductor OR technology) (selloff OR ""market fall"" OR ""stocks fall"" OR correction) when:1d"" - Google News"
2026-09-03T04:24:00+00:00,1,['market selling'],Mettis Global,Asian markets set for muted open amid bond sell-off - Mettis Global,https://news.google.com/rss/articles/CBMiigFBVV95cUxNLW5fRjZoeXNIXzZBQVFNczNoVElXWnpxaWFUNk1zeHRLTjRNWkVYZHZlUlk0QzNUcWZuSVJuVlhrVDZYRHEzRXFWS1laaDR6N3JtZURuQ1VZZzRiS1NHWC1VcTE5elJOX0doTjRselFDMUdyUDNXOFl1VDRvaXdvd1VYQ0pGMVI4S3c?oc=5,Asian markets set for muted open amid bond sell-off Mettis Global,"""(AI OR ""artificial intelligence"" OR Nvidia OR semiconductor OR technology) (selloff OR ""market fall"" OR ""stocks fall"" OR correction) when:1d"" - Google News"
2026-09-03T04:17:57+00:00,1,['market selling'],Business Upturn,"Pharma sector stocks today, September 3: Sudeep Pharma gains 3.15%; Torrent Pharma falls 1.05%, Mankind Pharma down 0.95% - Business Upturn",https://news.google.com/rss/articles/CBMi9gFBVV95cUxQOVl4VzBHaUZzVE1aSFBlZDJHeFBsS09rUkd1eUlaLWFUUXJUQkg0aXdxUzd1T1VtRWotUDRJUUUxNmo5eXRnRUlZdFY0bUM4RUhUS0RkVk00bXF1WExsYjlaU0tOejl3UG0xZUp0aFZTei1LT3BfdVhGMTE3V3dSb25sTFVXMkxuVEM0ZklsRGtVVV9odGtkcnhXLXIxbjhoNC1sQjJaRDgxOUJUX0paZWZuNEFlTkQxdFNsNU81RmlsZjl1QlJqTXEyMDZzcVpGUEJzWlBsdnNFbTQybU9uZEl5cXBKbVZHbWl2WlB4ZTV3SUlIVEE?oc=5,"Pharma sector stocks today, September 3: Sudeep Pharma gains 3.15%; Torrent Pharma falls 1.05%, Mankind Pharma down 0.95% Business Upturn","""(Nifty OR Sensex OR ""Indian shares"" OR midcap OR smallcap) (falls OR selloff OR correction OR ""risk off"") when:1d"" - Google News"
2026-09-03T04:16:49+00:00,1,['market selling'],Invezz,"Samsung, SK Hynix rebound after selloff: why Dell’s 16% surge matters - Invezz",https://news.google.com/rss/articles/CBMisAFBVV95cUxNaVpmMXlnTTJwQmJKcU1DdGNROGExQUZIS1hxV0FIR2xyck5mZ1JWWlJuOVEzSjlLQmJ4bTJTdS1BdTA4OXhPSTFhcnNjUGpIZ3hvLVJRdU96NVN5aEp3RFpmdmFJb1h3b3R1ZDlrSVljaTJiVlRzdXlUSV9aZklMNTBYZjlRc29jdC1Ha29aOEN2ejgyQWZUY2JndllZUGtvZDZROWk5MDBLbms0UHZYcQ?oc=5,"Samsung, SK Hynix rebound after selloff: why Dell’s 16% surge matters Invezz","""(AI OR ""artificial intelligence"" OR Nvidia OR semiconductor OR technology) (selloff OR ""market fall"" OR ""stocks fall"" OR correction) when:1d"" - Google News"
2026-09-03T04:06:22+00:00,1,['AI / tech risk'],Devdiscourse,"Stronger Growth, Higher Stakes: Singapore Faces a Crucial Test on Inflation and AI Risks - Devdiscourse",https://news.google.com/rss/articles/CBMi0wFBVV95cUxOa2RyaGRWaThSTWlEWEROa0lQQXJpM05DVFBJUmJuWllqRXluQ2FRcllmN2VXX1RBVEhqMnNCa1NLalQ5cnAzY2Ewb3pfeWdfczY0Qy0tb091VjJqTnRhRkpaVlRyOXZtS19oWWM3QTV4b3NrZmNOZkJuMnBrLWdmVjJBRS0tSVprOUw4ZjdVbDU0SUYxbS11SVFEOUxuTnJMWmtnTVdoT3c1NXBkTThMUmdnUGY2SW5XLXJWeG5GU3lOMmVRTWdwM1VMVXl4cFAwejFZ0gHYAUFVX3lxTFBqeUFFWjg3YnkxeWhFMjI3OWF0Z3BQV3BHWEg3ZTRIaDBISFR3MkdMRkgxZkVwczdjTklQU24yYnNZbzNJV0JXRGdDcEFCbHZNY2tpQVl3QmlUX3RJd3B3MVpTR1VOOGlBQUpfemNIcU9vVUtzN1QybXFhQXB4bjhMeFZIRkR0MWhpQXNlSl9RbXBTR05JOERLTEpDeENOVVB6TXFnOTgyakdtSHY2RGExTTdMNzE4MTA1RGkxaTlQRU5WVms3WEtleEh0R0QteHhQTmcwdV94aQ?oc=5,"Stronger Growth, Higher Stakes: Singapore Faces a Crucial Test on Inflation and AI Risks Devdiscourse","""(AI OR ""artificial intelligence"" OR Nvidia OR semiconductor OR technology) (selloff OR ""market fall"" OR ""stocks fall"" OR correction) when:1d"" - Google News"
2026-09-03T04:00:16+00:00,1,['macro / flows'],NAI500,"U.S. Treasury Yields Near 5% Threshold, Equity Markets May Face ‘Knee-Jerk’ Selling - NAI500",https://news.google.com/rss/articles/CBMisAFBVV95cUxNSGZtaHNRbEFhdXNER0dXU2wxTWhqTkd4clIxU3RkN2I4c3RMVXpHMFlNclVKYkJOeWtsTG9uYkxBUm42bHFKN0NKTTR2MTJfeVhHLTE3dlg4WTBuMW5PQ2xlMnI1VVhiR1FWOGpHYTVjVzNpNFFuNGt3NEI2RW43RG55ZlFhMUVXTDRZUkFkb0VHcHhGZEhldnkzLW11bWRsVHA2VzhHTVpzbUpUaG1xYg?oc=5,"U.S. Treasury Yields Near 5% Threshold, Equity Markets May Face ‘Knee-Jerk’ Selling NAI500","""(AI OR ""artificial intelligence"" OR Nvidia OR semiconductor OR technology) (selloff OR ""market fall"" OR ""stocks fall"" OR correction) when:1d"" - Google News"
2026-09-03T03:55:20+00:00,1,['India market'],The Economic Times,Nippon India Ultra Short Term Fund-IDCW Monthly - The Economic Times,https://news.google.com/rss/articles/CBMilgFBVV95cUxOQndYNFA1Z1dkYnBZTWVWZjJqY01PVUt3cWpLbDJEWEtNNnBXaTg5ci01OVRVaW5BMG0tS0ZsZ3ZHRzFYeTJNNDg3SVNBUEk3ZFVhSnJoQ1hEQ1g1STFkbU81YXNjXzRUOHFaRjVjTi02WTYwSFdQVjBfSE5FVExsc1hnMU9nNW1kd09kZDM0c0w3aDZ3Tmc?oc=5,Nippon India Ultra Short Term Fund-IDCW Monthly The Economic Times,"""(""mutual funds"" OR SIP OR AMFI OR FII OR FPI) (India OR equity OR market) when:1d"" - Google News"
2026-09-03T03:48:22+00:00,1,['India market'],Moneycontrol.com,HDFC Bank is at risk of losing its top Nifty spot to rival ICICI - Moneycontrol.com,https://news.google.com/rss/articles/CBMiyAFBVV95cUxNM0pGYTFDYU8yWm5CcVViXzVfMnROcFRzZGo3SzlsdW1zRU41R24yY0w2NjBEeTZoa0hLVzFJS1E5alhobGVoQkpoWXp4cnZMWXROUk8wUGdTNy1IZ3hCak45UWhobEJaN0FUZkRTaTFnQk1pemNtd1Q2amludXNTVmMxa19qRHJLaWM1ZFdJOF9sYWN6UElDb0RmR1BvTXJjRE9aV1NRMlZCdnYxR1E0aEFTS0JXRS1xZ3ktaVE1cmdOVlB4RXFYcNIBzgFBVV95cUxQc0FQRXpSMkpJVGJCa3FuSTVoYXFrVGlCaWhvMGNqakVBT0NRNXhOc1pDdDEwWjFRQ292WldtNWR5NDJ6N0ttZU11WlBWc01lZUw2anRzMzlYbGE2aktBbmMzRy11eWxUejhvX1VyVUF4OFE3dHFKSXNDaUU2SV9GaW9BV0ZxV1MzdEdsYnE5SlB1WjVwbHh3cTFrT1NEdmZZcFRWbU9WRDZ6SlZHSmpnYnFxdjVkdGE2Y0Y0VDNBZWRFUHZwQjlZaWdXQ1NoQQ?oc=5,HDFC Bank is at risk of losing its top Nifty spot to rival ICICI Moneycontrol.com,"""(Nifty OR Sensex OR ""Indian shares"" OR midcap OR smallcap) (falls OR selloff OR correction OR ""risk off"") when:1d"" - Google News"
2026-09-03T03:32:00+00:00,1,['market selling'],tradingview.com,"Samsung, SK Hynix rebound after selloff: why Dell’s 16% surge matters - tradingview.com",https://news.google.com/rss/articles/CBMiwAFBVV95cUxPV2YtdlJHTXdKOHZEQTZVR0dCRm05cnYxaVpOLVMwT1FHVmxZZFRIUWVFblZPWjVnMDJGRWpUUjI2OGNiM2xKTGlEWFI2cEpubC1nMkM2anV1aHNpeTZBNTAzdHVtZzNURnhnLUhaaXd4ak5pbVM2dkFsZTU3M2prWXBRalZua3JZNTltRTVTWnZvb2E1Wk1JaVpTWlpwa3E0bEM3VEIwV2JYSFBIMGhvZHhIYkV1ckFVejltanZzMGc?oc=5,"Samsung, SK Hynix rebound after selloff: why Dell’s 16% surge matters tradingview.com","""(AI OR ""artificial intelligence"" OR Nvidia OR semiconductor OR technology) (selloff OR ""market fall"" OR ""stocks fall"" OR correction) when:1d"" - Google News"
2026-09-03T03:30:37+00:00,1,['market selling'],The Economic Times,Persistent Systems shares fall over 3% as board gives nod for $1.25 billion fundraise. Check details - The Economic Times,https://news.google.com/rss/articles/CBMi_AFBVV95cUxPX01zclZ2cmxUVmpIQmpLTmJwTm4zbmhaZTVnMHBnelRnS29aOWc1eWFudm11WDhJZUdjUE12XzZRRU01dDhmUG9KcmMwbk1aRFNxVG9nUGk2YVpDYzdBeGdzVF8xcXRBUlZ4T0hQUl9WU0EwZHJmODdGVTZ5aUQ3a0cyeHhWejgwVGV3UFQ0eFAxdnhpNHU2YzJCY2FsQWtGNGNpQ2tUX0Y5TnhmQjFyUGVRVVczTkQxdEVrbHEzU2pJLUY5bHJCbWc2emZqWUcxSWREY3huTnF3NHdrVjRaSkdJU1hFZ240bkFXcFJxYTdwTUM4R0t3SHYyRETSAYICQVVfeXFMTjlEem9xMldwYlkwRUJjLUFfcEtaYm5sVWdOWlZRWGw5cGJwU1hxOGN5R2FoS1lWOVRadTZ3enFKRFNKemlEUDIxYmpmNTJlb1JIbFdZeW9WQXRhVlRtVWpVRHNKZXJPbWpRMWh0X1ZoaDQ2Rk1QSGVqWFFLdVFTSWVVU2pvekg0WVNhb25reFlfUGxrRllaQlNPa1g0cWo1ZnlBOG1mTkNua2tESGl2VXZaVDZRVTV1ZzlvVm40WXFNbW4zWVIxWDAyTFZLTEpvcDBPeWRqX2l6OGR5Uk5oWHVEMHoxeWkzdl9kLUZkTldHTVJuRVRNMGpBNERvN2VTVmNn?oc=5,Persistent Systems shares fall over 3% as board gives nod for $1.25 billion fundraise. Check details The Economic Times,"""(Nifty OR Sensex OR ""Indian shares"" OR midcap OR smallcap) (falls OR selloff OR correction OR ""risk off"") when:1d"" - Google News"
2026-09-03T03:25:30+00:00,1,['market selling'],The Economic Times,"Swiggy shares fall 2%, down for 3rd session, as MSCI set to remove stock from Global Standard Indexes from - The Economic Times",https://news.google.com/rss/articles/CBMi-gFBVV95cUxNMjA1S0RZTkdPNG5tMnFQQkdzd08xbDVaTTNRLW9TZVpKSkhuTV9UcEVIdm05SExJSklTZ3o3Mm4tSFo5SjlUYUd0SndTZTl2T2tvXzRCNFYxdUV6UmZuRERnUUJNQ1V2RjIxMzBBYldiT1ZQYzlNUnBEcUs5RW1aOWtGOGdFd2ZjRGV0LTNBbzBlVldtMnlGaUN1SnlYWW1mYmhHejc2YVNBVV9XbGYzeFo0ak5Xb0dIYWhxVHJqdXRGVkVhU0FKVU1fU2ZLUVlheHp6c1hJY1FaUHJmOG1HUFJFczRwbmRiRFFhT3hDbUgxYjRqUmVtMnhB0gH_AUFVX3lxTE9YNjFDWU1TZmlzUEdySWNvUjY3MGRsWF9scUt0alpGcE42MEdualhNdTdDQVhINjVBMTBLMFBlM1I2NDRmSGZzUXhva3R4WTl2b1BXcmdhQW5LTnhtTGtNNGdBVTVLbGFESzFEZ3BTUTFFRllUTjF5X2ZYaFNObTg1Qnd1MTBOSUdXSm1CRno2a2RtZi1fMGJCNHpqbnFxM0VraFRZZnhUQkI4M25weXY4QTQzTm9VdnpDVk5DWjNsMFlpbWRrUmd0UVc2elM4bUpvUVU3UDdlVnNzSmtGN0VRaWdOUjZzQVdNQUdHc2F0cFhhQV9sN0J6U1VnN2tYSQ?oc=5,"Swiggy shares fall 2%, down for 3rd session, as MSCI set to remove stock from Global Standard Indexes from The Economic Times","""(Nifty OR Sensex OR ""Indian shares"" OR midcap OR smallcap) (falls OR selloff OR correction OR ""risk off"") when:1d"" - Google News"
2026-09-03T02:23:55+00:00,1,['macro / flows'],The Malaysian Reserve,"Asian stocks advance as oil slips, yen in focus - The Malaysian Reserve",https://news.google.com/rss/articles/CBMilAFBVV95cUxPWE1OMEpMSk5SLVRheTF5LUNicFV6ajlfaVREUlhkRkVhTFM1dzFDYWV6dURNZmJXandheGRlM0U0ZlZRUmt1Q0JEdjJKNDZFRW1lbDZjVjdpNUViNnp3dlRvdUZraUFTUDh3T0RpeU81RTFJZTltcTlmOVZwdWpIZDNTVDZuaHQyUThTN29VZWpfM1B5?oc=5,"Asian stocks advance as oil slips, yen in focus The Malaysian Reserve","""(AI OR ""artificial intelligence"" OR Nvidia OR semiconductor OR technology) (selloff OR ""market fall"" OR ""stocks fall"" OR correction) when:1d"" - Google News"
2026-09-03T01:45:38+00:00,1,['AI / tech risk'],QS GEN,TMU AI Improves CT Decisions in the ER - QS GEN,https://news.google.com/rss/articles/CBMiakFVX3lxTE1JTjQtTlJWMjdfZ1J6bTNublMwRUZqRDBkOEwwV3dPSl9yaTdmUnFSTTZEMjlHcHR2SHFXOGZnZWRITTg4ci1MSEQzVHZVQ2IwZi1lUGVORmxCVkpJTnp6cWdNR0x4dTg4Z2c?oc=5,TMU AI Improves CT Decisions in the ER QS GEN,"""(AI OR ""artificial intelligence"" OR Nvidia OR semiconductor OR technology) (selloff OR ""market fall"" OR ""stocks fall"" OR correction) when:1d"" - Google News"
2026-09-03T01:11:00+00:00,1,['market selling'],bloomberg.com,Japan’s 30-Year Bond Auction Risks Adding Fuel to Debt Selloff - bloomberg.com,https://news.google.com/rss/articles/CBMiswFBVV95cUxOaG1qYWxaUlVaVlpZRFlCaTI1bkgzeE5xbGRhM25CNFFJSTI2NUxweV84S21FeFRQRzhnLTBxaGJZT0VlUTVRT3JzT18yN0RDU1dOcnJOckRaOENSb0I2dXlaQmo5VUh2TzgyREpjcDJYYWF1ek9zd2RJN1RMS2NfdjFhQ05wMDhCZGpkaGRNWHRzQjZESlBLbnNQb1djOEpQLVdkVjF4WE5tTHpENFYySXc1Yw?oc=5,Japan’s 30-Year Bond Auction Risks Adding Fuel to Debt Selloff bloomberg.com,"""(AI OR ""artificial intelligence"" OR Nvidia OR semiconductor OR technology) (selloff OR ""market fall"" OR ""stocks fall"" OR correction) when:1d"" - Google News"
2026-09-03T01:02:10+00:00,1,['AI / tech risk'],Seeking Alpha,Salesforce: Proving That AI Needs A Software Partner - Seeking Alpha,https://news.google.com/rss/articles/CBMilgFBVV95cUxOendDQ09YbUxFd2QxUmlFT0toY2NoX2FlTHhSczUyTk94MGFwTnZxZ1ByLWl0eXBCV2Y3ZW9HZW4tc0Q5d21FNDhMdzZ1Y1ZsTjhfeTRkZWpOMGZCN3ctYkxMMnNCWERMT1BneGx2OEpQTE5QNWlwMExCY2UtTU5NOThKZjNMVVRwM2JBMGY1UzBLVE9GSVE?oc=5,Salesforce: Proving That AI Needs A Software Partner Seeking Alpha,"""(AI OR ""artificial intelligence"" OR Nvidia OR semiconductor OR technology) (selloff OR ""market fall"" OR ""stocks fall"" OR correction) when:1d"" - Google News"
2026-09-02T23:50:58+00:00,1,['India market'],The Hans India,Markets decline for 3rd day tracking global weakness - The Hans India,https://news.google.com/rss/articles/CBMiswFBVV95cUxPVWZKTjdnU1hETkF1aGNaUVhEQ1AzSG15cmt4UjBzZngwZG1tc0hDd3kwX3liTzJxMUdTTXV2bWEtbFZ5aE1tdndQa2RCOE9tS0s2enhKbm5qYUdDSDZzWkxablBJTDZmcG9EQkY1WktzeEd5WlI5ODByUkZ6aEdPWnR5dDdWSmFuSUhfZnQ3LS1hbDBORkMtNDd0Mm8yam5SMlZUZkluQ2JtMjMySXFCLXRUb9IBuAFBVV95cUxQQVZXN2NOenB2aXpMcjE1bEJQUEpVSUk0M1ZUUTMwSmJlUExMQ1RldjJvVHNxWFhELVMydjIxVzlDY2lKQVZJUlV1VHp0WjJMbFV5QzNkUnBkV3ljUDNyazRESlpPeGJfMmk2cHFTSndXZW1hcFBqZTZ5dmV1RVNCV2JoT1dNVkJDYWlRNVg5WUlpeF9xMHAzenpkREY5cTVJb0oteUxvOWdrLWgxSVhwTGoyenpRQm5l?oc=5,Markets decline for 3rd day tracking global weakness The Hans India,"""(Nifty OR Sensex OR ""Indian shares"" OR midcap OR smallcap) (falls OR selloff OR correction OR ""risk off"") when:1d"" - Google News"
2026-09-02T22:22:00+00:00,1,['India market'],Moneycontrol.com,"Rubio says no India-Iran trade talks at Modi-Pezeshkian meet, warns nations against evading Iran sanctions - Moneycontrol.com",https://news.google.com/rss/articles/CBMi-gFBVV95cUxQZzBUbnlHS1JtOVh0b1NwV0xVX01uYWdraVpmR04wT3hHaE8xWGhkZ1JTSENsMk1BelVrLXZLeFQ5SDRSUGZRSVlJOXczdllSa2s5WkRpUnNpMWp5Tnl2X3hIcXduSnNXNHFGb3U3WkdTOU5Ua2dMU2ZjdUJFNngtNFRaWlE5OUtEMWNFVm1vb1c1SGZHZUkzTUFiNW1OMHAwOWszNmhTclFja3pvM2diQVJkUDlmY2ZfNW0teVlhcHQyc0VzRDFSc0ZNbzM1VWFxMTFwWm9XejFGSzEyMlZrdkI4QnFGbXJNcU0xQUhVTm96NEJLVlBqZkJB0gH6AUFVX3lxTFBnMFRueUdLUm05WHRvU3BXTFVfTW5hZ2tpWmZHTjBPeEdoTzFYaGRnUlNIQ2wyTUF6VWstdkt4VDlINFJQZlFJWUk5dzN2WVJrazlaRGlSc2kxanlOeXZfeEhxd25Kc1c0cUZvdTdaR1M5TlRrZ0xTZmN1QkU2eC00VFpaUTk5S0QxY0VWbW9vVzVIZkdlSTNNQWI1bU4wcDA5azM2aFNyUWNrem8zZ2JBUmRQOWZjZl81bS15WWFwdDJzRXNEMVJzRk1vMzVVYXExMXBab1d6MUZLMTIyVmt2QjhCcUZtck1xTTFBSFVOb3o0QktWUGpmQkE?oc=5,"Rubio says no India-Iran trade talks at Modi-Pezeshkian meet, warns nations against evading Iran sanctions Moneycontrol.com","""(""mutual funds"" OR SIP OR AMFI OR FII OR FPI) (India OR equity OR market) when:1d"" - Google News"
2026-09-02T21:51:28+00:00,1,['India market'],The Economic Times,Franklin India Corporate Bond Fund - Direct Plan Portfolio - The Economic Times,https://news.google.com/rss/articles/CBMiqAFBVV95cUxOZnJ2Y29wOTc5azItWERUcG5iQjFRaGZaSGNKdkZxN2NuTjRhMWl4cmp3OXI2Um16NFFWS1NtU010dElFWHY5aXB6ZHgxbk44VGVPQ1RqY0pGckZUbVloWmE1U1NERjhrYko5SjZpMkppR25ub01CaE1ad3hTQ29KTlV2cHhQeDFScVRSSTVqQnl5dV9xaGY1bVZvYWJwaW1jTm9QbFlrVUk?oc=5,Franklin India Corporate Bond Fund - Direct Plan Portfolio The Economic Times,"""(""mutual funds"" OR SIP OR AMFI OR FII OR FPI) (India OR equity OR market) when:1d"" - Google News"
2026-09-02T21:42:23+00:00,1,['India market'],The Economic Times,"Bank of India Ultra Short Term Fund Regular-IDCW Daily (₹ 1,005.00) - NAV, Reviews & asset allocation - The Economic Times",https://news.google.com/rss/articles/CBMiqwFBVV95cUxPUHFIeGdKZkk5bEhRbzFFLThrQkVPb2tKM0pfbFZZZlRYalB6b1RfMWNLenloNGowZzFWQnNHcGxJN0oySU5rb19TRE52Z1ZoV3JTYUQwU1hVbUQwQURvUkNDeUJ2U1NXNWxkOWhLTjVlbFo5M001azJ3bDE5Tk90Q1BNMUh6Z043a21pODg0RUQ1dUR3TEZKaVllU1BzV0ZWTGRsZ0t5YXh3bms?oc=5,"Bank of India Ultra Short Term Fund Regular-IDCW Daily (₹ 1,005.00) - NAV, Reviews & asset allocation The Economic Times","""(""mutual funds"" OR SIP OR AMFI OR FII OR FPI) (India OR equity OR market) when:1d"" - Google News"
2026-09-02T21:21:15+00:00,1,['market selling'],The Economist,World in Brief: America and Iran exchange blows; global bond sell-off continues - The Economist,https://news.google.com/rss/articles/CBMilwFBVV95cUxPdnJpaFd0NlBjb1JkaXdmcFNFUHUyZGpOMVNvRlJBYl84SkFhbk5Cal91OUtIdmg5dUlwVDNsYU1pN1ZZZjRmaGU1eFd0UDducVZQNldCajdmMTVrdEN5VF9XN0ExWmxBUDh1RVp2LXdZcHdPWjVKV3hpT216aFQ2R3R0SHJXVTA5ZDNFTlIweUZvY3M0NFMw?oc=5,World in Brief: America and Iran exchange blows; global bond sell-off continues The Economist,"""(AI OR ""artificial intelligence"" OR Nvidia OR semiconductor OR technology) (selloff OR ""market fall"" OR ""stocks fall"" OR correction) when:1d"" - Google News"
2026-09-02T21:14:44+00:00,1,['India market'],The Economic Times,Bank of India Ultra Short Term Fund - Regular Plan Fund info - The Economic Times,https://news.google.com/rss/articles/CBMisAFBVV95cUxQbHBiUEpWY25kbU1SSHVORnVvYXNGSS1SVnZoQ204ZHZWU2FlbC1LbU5rQnlnNU9FUHcza2VVVHFsSzRsMGh1eTk3UWlZazE1WHpXRjdpeDN0c0o0QnBqdFF4d0NVOGVwbzFlcnhDWFB0Yk9odDJmMnRuSmxDTkxBQjJPaURKZ1BSRXYtN2hNcXp3TDdGamZZZXZGcjRzSkJMVV92MzFwZmQwekhHQ0p3Zg?oc=5,Bank of India Ultra Short Term Fund - Regular Plan Fund info The Economic Times,"""(""mutual funds"" OR SIP OR AMFI OR FII OR FPI) (India OR equity OR market) when:1d"" - Google News"
2026-09-02T20:07:00+00:00,1,['market selling'],Seeking Alpha,Wall Street finished higher after the previous session's sell-off - Seeking Alpha,https://news.google.com/rss/articles/CBMimwFBVV95cUxPVnBfdEpROERYTV9hS2xHZmh4YVh5YU5BcEhqdTRSRFJVZUdZYTJLc1U1VTA5WHZxMlM0MERzWUZOak1wT3FtWlQzYzhaNHNKUG15RFNlY3VYSDBJaE5JQ1NMdmhMZGJWVThNYVBYMXRKODdyRlRPdE1ZODdCSjhlamJiLWh5SW1BNUFjaS16NG9BQWhWa1puY1ZBZw?oc=5,Wall Street finished higher after the previous session's sell-off Seeking Alpha,"""(AI OR ""artificial intelligence"" OR Nvidia OR semiconductor OR technology) (selloff OR ""market fall"" OR ""stocks fall"" OR correction) when:1d"" - Google News"
2026-09-02T19:57:49+00:00,1,['AI / tech risk'],Seeking Alpha,"Credo: Semiconductor Stocks Are Melting Down, But Some Still Deny It (NASDAQ:CRDO) - Seeking Alpha",https://news.google.com/rss/articles/CBMiqwFBVV95cUxNUThuSkE0RzAwcmJOYjh1LVdJam05ZmhYT2x1RHpOYXFEQnBvdXhCbTRWZ0NhZUVfeDRzc1J4N1RoNWl0TF9Da251TmVhZlhqbmtMN3NCQ09RR1dlQk5KMHM4Y29jTm5nSU1KeVpETVpfOUgtUUluS0JrdXFRMkZkZGt6N09hSFZleFpBc1lWbWVUZW9CSFo5bVdodUg2OE12c1ZQUnRWZ21VOHM?oc=5,"Credo: Semiconductor Stocks Are Melting Down, But Some Still Deny It (NASDAQ:CRDO) Seeking Alpha","""(AI OR ""artificial intelligence"" OR Nvidia OR semiconductor OR technology) (selloff OR ""market fall"" OR ""stocks fall"" OR correction) when:1d"" - Google News"
2026-09-02T19:10:15+00:00,1,['market selling'],Stocktwits,ALMS Stock Clocks Worst Day After 57% Drop — What Drove The Selloff? - Stocktwits,https://news.google.com/rss/articles/CBMixwFBVV95cUxOcktHZXNwd194ZVQ5OHRTUjFxUW5pZHc1Qnk2Q2tXcnNrSDhkTXpyd2xvMXl3V1VuRy1OYWN6NVhHYlk5TmlpSkZiczVfalFmZkZHSHNrT3c5ZHBlYmM1eVlYOVpicVBJekxUOTIyTlJGT1lIaUluMVE4eFNKR3BfbG9IM1piMk1tMng0RUR0NThmSFJfb3RIZl9Hd0NQNjY3eTZTSGstaTFmUUhQSXpXQXBZdmdtSkNGdmpZdlBHUGJQemRvNjF3?oc=5,ALMS Stock Clocks Worst Day After 57% Drop — What Drove The Selloff? Stocktwits,"""(AI OR ""artificial intelligence"" OR Nvidia OR semiconductor OR technology) (selloff OR ""market fall"" OR ""stocks fall"" OR correction) when:1d"" - Google News"
2026-09-02T18:17:11+00:00,1,['India market'],The Economic Times,Kotak Nifty Bank Index Fund - Regular Plan Fund info - The Economic Times,https://news.google.com/rss/articles/CBMipwFBVV95cUxPSGppZXBwRlNxaTNQMUFnUlNndFozWkQxMW5WaWtsVU04LUpkcTJwS2ZDN1Y4ZXk0aXFSS1lhQUVjcVVSTmdBeXZMeGVGWVNkWUJRNEVFeTVCbTdqQmYzQS13Tm9NVXFSZW1yUHQyZFpHVlNtLUpGRjFGVk5QZTRtbnBWRnpkZFo4TkVMRUpyOFVpaUZFMkhpb0RVMDZwbk5yekdFVHJYSQ?oc=5,Kotak Nifty Bank Index Fund - Regular Plan Fund info The Economic Times,"""(""mutual funds"" OR SIP OR AMFI OR FII OR FPI) (India OR equity OR market) when:1d"" - Google News"
2026-09-02T17:06:13+00:00,1,['market selling'],AD HOC NEWS,Fujitsu stock falls as Japanese market slides and investors eye latest results - AD HOC NEWS,https://news.google.com/rss/articles/CBMiyAFBVV95cUxNUU83VHBER1N5VFBwdjAtaWxwMVRuZ0xHUENCSTBERkZvZlFROEM1U0JLUjRmbEk2QTZoLVZMODdqZHUwZTJ5M0dRUTlsbUFTakpISHgxd29YcDI0aGZCTDl0OWxyaWN6d0xGWm1ZRmQxRmRHenkxc282Q09fTnlpVVoySkN1SXZPNjVOZ19vclFvUHRYM3B3ZkQ1N294Y3ZYd2xvMDZqNW5NcjlKVWRBc3lsVDAzbU11emE1QzRhdVNWYXBWeHhNdw?oc=5,Fujitsu stock falls as Japanese market slides and investors eye latest results AD HOC NEWS,"""(AI OR ""artificial intelligence"" OR Nvidia OR semiconductor OR technology) (selloff OR ""market fall"" OR ""stocks fall"" OR correction) when:1d"" - Google News"
2026-09-02T17:01:50+00:00,1,['market selling'],AD HOC NEWS,Gold's Correction Masks a Historic Central Bank Buying Spree - AD HOC NEWS,https://news.google.com/rss/articles/CBMizAFBVV95cUxOdFVrVFRCUlRFZnp0a3p6YzJEY3hsLUhKUXYzNkJTNUFZNG5TTGhPaXNIRlBkMHR5WkFKUVJCNFQ3Ym81SWt1S0xvS2lNTVVYVWo4ZFZ2amplQ2tuWHVrd1RIMEFjYkIzWUI1THl3YVAwSGNZbllaTWJqLVdGMjZBNmFnZjFNRFZfNnJFYWZLSWk3OG05YjExZF9FR0xiWGF1YWwxamdXMDBuWjdiXzFPYllrV05VZWlRcEFZVWNWLV9RQU9BdVYtM0pmZHA?oc=5,Gold's Correction Masks a Historic Central Bank Buying Spree AD HOC NEWS,"""(AI OR ""artificial intelligence"" OR Nvidia OR semiconductor OR technology) (selloff OR ""market fall"" OR ""stocks fall"" OR correction) when:1d"" - Google News"
2026-09-02T16:55:36+00:00,1,['India market'],The Hans India,"Flexi-cap funds log robust growth, attract nearly Rs 50,000-crore in H1 - The Hans India",https://news.google.com/rss/articles/CBMizwFBVV95cUxNb04yaFFLZGVFR29jVkdWSmxVcUxpQXZhdW43R3RRODZvdWNTMmFYWml1TTQ0bWVyMlRpbWUzVm5KV1lnTkVoY0ZuSGJrekZMRGdwYVpndDdZQm9HczFFU1U0dEltd0tfYjYzdzNKalEwbE5wdGdpaGpsc3c3c01LWTJ6TS1oc3ZlbVQ0THJrMjZMVUs5MUpadVRZQlpzbkNncjFYNzEwN2pkQUMxejNvbTMyLXMyT3hPVlJ2Z2RVN2pMQUQwWTBIa3ZVQ3ZyQXfSAc8BQVVfeXFMTW9OMmhRS2RlRUdvY1ZHVkpsVXFMaUF2YXVuN0d0UTg2b3VjUzJhWFppdU00NG1lcjJUaW1lM1ZuSldZZ05FaGNGbkhia3pGTERncGFaZ3Q3WUJvR3MxRVNVNHRJbXdLX2I2M3czSmpRMGxOcHRnaWhqbHN3N3NNS1kyek0taHN2ZW1UNExyazI2TFVLOTFKWnVUWUJac25DZ3IxWDcxMDdqZEFDMXozb20zMi1zMk94T1ZSdmdkVTdqTEFEMFkwSGt2VUN2ckF3?oc=5,"Flexi-cap funds log robust growth, attract nearly Rs 50,000-crore in H1 The Hans India","""(""mutual funds"" OR SIP OR AMFI OR FII OR FPI) (India OR equity OR market) when:1d"" - Google News"
2026-09-02T16:52:52+00:00,1,['market selling'],bloomberg.com,Senegal’s Bond Selloff Reveals Investor Angst on Debt Rework - bloomberg.com,https://news.google.com/rss/articles/CBMisAFBVV95cUxNeS1paHZid3ZmTExmYnNId0NFTlQ0bF9FbGpackVrQ2p2UVQ1Z3NCSVRNQWRiaDdrNUNxSWoyREYyQjk4RTZWbVZaTVp0Q0NSdjhFUnh3SnFib3hLZVFINm04ZXRsbnMydnNaTFBmS1hZMHBrZDhBMTN3a0VtUHdWVFB5VDNIS3daSW9ndjVydkFRVGU2bG41aFY1bl9XaWhyRkVuUUlBLU1XaGNDbjFSRQ?oc=5,Senegal’s Bond Selloff Reveals Investor Angst on Debt Rework bloomberg.com,"""(AI OR ""artificial intelligence"" OR Nvidia OR semiconductor OR technology) (selloff OR ""market fall"" OR ""stocks fall"" OR correction) when:1d"" - Google News"
2026-09-02T16:18:50+00:00,1,['market selling'],Sharecast.com,London close: FTSE ends down as bond selloff continues - Sharecast.com,https://news.google.com/rss/articles/CBMiwAFBVV95cUxNam1HLXVpSDJUTlRIU2JfSGJ4TElzcDVwN3NMSVpEWkhFakRvZk13UXdMRHlWRm4xYjZSX1FXdWktdVVxVlp6OGZCUkEzbmlLNVV2dlh4S2NZbkhKdjhrTkFIZWxqYmlRWE9JSVhWNVRiN09VTWxsS1JiRkhYbFlzUXpPWWFZOTF4V3JrVnFURklReWY3emFYT0hsS21WLUlTZjVQeUczVEZQa2lUQ09tZHlOR0k0RzRhTDdCc2IyMW8?oc=5,London close: FTSE ends down as bond selloff continues Sharecast.com,"""(AI OR ""artificial intelligence"" OR Nvidia OR semiconductor OR technology) (selloff OR ""market fall"" OR ""stocks fall"" OR correction) when:1d"" - Google News"
2026-09-02T15:53:24+00:00,1,['India market'],Moneycontrol.com,'Reprehensible act of vandalism': India slams Pakistan over century-old temple demolition - Moneycontrol.com,https://news.google.com/rss/articles/CBMi3AFBVV95cUxPdFdkS3Q5UmtKY284MHc5d1gwWURlRVVGQkljbEtwVF82enQ4SXVnOERzMjJmVV9iV1JBNWZsbVBTRmhfV1JSTWZkWEtoaEJZWGdabjNwcHZfTURuOXZ5U0E2TnVRd0hpNnVLYWpNRVZEZlJPenRZRUc3VlNvcTZfU1Y4b3Z5dkZKUDI5eWhoRTRSRktqNFZBa0hTaVJ0M0I1dHM3MTQ0QkV3V2dnZDRGZERObWViRW5HWEp5a2FPTHNMR3hEVjZFcS1tY3NtcWhoMlAyLUFsdjNreS1j0gHcAUFVX3lxTE90V2RLdDlSa0pjbzgwdzl3WDBZRGVFVUZCSWNsS3BUXzZ6dDhJdWc4RHMyMmZVX2JXUkE1ZmxtUFNGaF9XUlJNZmRYS2hoQllYZ1puM3Bwdl9NRG45dnlTQTZOdVF3SGk2dUthak1FVkRmUk96dFlFRzdWU29xNl9TVjhvdnl2RkpQMjl5aGhFNFJGS2o0VkFrSFNpUnQzQjV0czcxNDRCRXdXZ2dkNEZkRE5tZWJFbkdYSnlrYU9Mc0xHeERWNkVxLW1jc21xaGgyUDItQWx2M2t5LWM?oc=5,'Reprehensible act of vandalism': India slams Pakistan over century-old temple demolition Moneycontrol.com,"""(""mutual funds"" OR SIP OR AMFI OR FII OR FPI) (India OR equity OR market) when:1d"" - Google News"
2026-09-02T15:31:00+00:00,1,['market selling'],Investing.com,Credo options activity signals hedging and fresh positioning after sharp selloff - Investing.com,https://news.google.com/rss/articles/CBMi5AFBVV95cUxPMlJwc3Q4cUZNaVhzQVRLdWczLVMzSFYwTFZhY05pcW5MMEYzbF9OcjN6UlBEc3pxMmdSdzl4SUxCVFI3b0w5RlJ4bV9qdmc0SEgwQ2huUlBPU3pCeVgzSDJ2TzlETTZhNDZWMWFJdFhsUm1lcDZvTDhwWXVHdGphUjJJRHVlS3NBZ3NKZ01pVzJIckdkUzVRNXhSb25WX01OZ01TdGhUNHhmZlF1OVJpMjNsUEFZYlJoLUQtSDVqWUFkTnZrUFJBYWxzOEdGdkZwVEwxS1V2OGtYaG1vd1hWaFcxU2s?oc=5,Credo options activity signals hedging and fresh positioning after sharp selloff Investing.com,"""(AI OR ""artificial intelligence"" OR Nvidia OR semiconductor OR technology) (selloff OR ""market fall"" OR ""stocks fall"" OR correction) when:1d"" - Google News"
2026-09-02T15:30:08+00:00,1,['India market'],Moneycontrol.com,"‘A’ rating back after 35 years, recognition of India's deep structural reforms: NK Singh - Moneycontrol.com",https://news.google.com/rss/articles/CBMi6AFBVV95cUxPZGdQRmYzTVZGUTJpTDFMNkRGQWl2cDZrS2g0M3dMSXNja1F5eVNDUXFPY2NDWjljRWJSZDIzakRFekRHV1FDWDVaR3YyaHpabFMyNE5KdjZiWlV4SmdoVU5fYUI0cVhpU1Z2Nm9RWTFVMU9kMGJYRkRwOTl4bDFSNmpfY01XczZQTVc3UUVBWm5XdWZpd0dZaFRGLVhyenR2ajNpVldDdUVmclB0dFp6a2gzVTNaQWh4WXBXckw1ODhrRjRRWHhEd3Ruc1Y1X3BuM3I5RS1LR24wdlJfUWJxQ1BCWmRfQjhR0gHoAUFVX3lxTE9kZ1BGZjNNVkZRMmlMMUw2REZBaXZwNmtLaDQzd0xJc2NrUXl5U0NRcU9jY0NaOWNFYlJkMjNqREV6REdXUUNYNVpHdjJoelpsUzI0Tkp2NmJaVXhKZ2hVTl9hQjRxWGlTVnY2b1FZMVUxT2QwYlhGRHA5OXhsMVI2al9jTVdzNlBNVzdRRUFabld1Zml3R1loVEYtWHJ6dHZqM2lWV0N1RWZyUHR0WnpraDNVM1pBaHhZcFdyTDU4OGtGNFFYeER3dG5zVjVfcG4zcjlFLUtHbjB2Ul9RYnFDUEJaZF9COFE?oc=5,"‘A’ rating back after 35 years, recognition of India's deep structural reforms: NK Singh Moneycontrol.com","""(""mutual funds"" OR SIP OR AMFI OR FII OR FPI) (India OR equity OR market) when:1d"" - Google News"
2026-09-02T15:21:17+00:00,1,['India market'],The Economic Times,PGIM India Ultra Short Term Regular Plan-IDCW Yearly - The Economic Times,https://news.google.com/rss/articles/CBMipwFBVV95cUxPV3NOSHZFZk1mVlk2bXNVMVBxa2JycnNTdE16eFVLNzBXUnFPUDVyYzFvTy1CWEtGbTVpTjJiZXZGU01Ka2stSDBpdW1TLXVIbjNsZ1N5UEZpa1NELWxjc1c3aldmNmJPMzliYkxIeHhoc0dCWGI3ejAxbFZKdEZyZHhjX1VSNTB6VlJ0bTRxcmEwNWpBalloSFpoMTAwNzdKX0E0aEQ2OA?oc=5,PGIM India Ultra Short Term Regular Plan-IDCW Yearly The Economic Times,"""(""mutual funds"" OR SIP OR AMFI OR FII OR FPI) (India OR equity OR market) when:1d"" - Google News"
2026-09-02T15:14:39+00:00,1,['India market'],The Economic Times,PGIM India Ultra Short Term Fund - Direct Plan Fund info - The Economic Times,https://news.google.com/rss/articles/CBMipwFBVV95cUxQVDQ0VjNvT2t6YnhXaVNwbVZ1akVZS1F3R1M2U2dYeVlYRGQ5cTVNa0NmY0IyTEZRTXdFVHI0VmV1akdNSjR3eFJ6ZEUxVklBQTdXc1JaNVBwOTluQ2N2eUV3LUxONGdvNXpEZGlGWkxwR1lVWWFfVVZNdmQ0Ri1wTVY1bU93bzI1cnNZZy1Eb1FSRVViVi1hRUlLQWxyQ3lkSDZfanNqRQ?oc=5,PGIM India Ultra Short Term Fund - Direct Plan Fund info The Economic Times,"""(""mutual funds"" OR SIP OR AMFI OR FII OR FPI) (India OR equity OR market) when:1d"" - Google News"
2026-09-02T15:08:18+00:00,1,['India market'],Moneycontrol.com,"Google techie in India torn between US transfer and Rs 1 crore Amazon offer, netizens react - Moneycontrol.com",https://news.google.com/rss/articles/CBMi4wFBVV95cUxOeksxMm1mblVHSXdPSk9rUDVhSU52N05lVzg1Q0FFaEM5WTJZTERLampHTHU4aFJCejVVOFZfZE85U1FlbTZFcEIxY0R6Zy1ESFJNS2Uyd0lqN0hoU0hjRGxBWEdMMEgxYTBYanJ2UmRXbW54TXhhWjlPNzV5WTJidXlMRmI1YTVaV1M2eVZpa2c0V0ozXzlnZWp4Tk4xNmh1OW9kZVFxbGE2X0xwSFRnd3Bydlo4YXdvWUZGcXcza1pvVmNZbmJfZU5kT0tSbWNGeUxyZGZ5S3RXVEg4a2EwXzFNVdIB4wFBVV95cUxOeksxMm1mblVHSXdPSk9rUDVhSU52N05lVzg1Q0FFaEM5WTJZTERLampHTHU4aFJCejVVOFZfZE85U1FlbTZFcEIxY0R6Zy1ESFJNS2Uyd0lqN0hoU0hjRGxBWEdMMEgxYTBYanJ2UmRXbW54TXhhWjlPNzV5WTJidXlMRmI1YTVaV1M2eVZpa2c0V0ozXzlnZWp4Tk4xNmh1OW9kZVFxbGE2X0xwSFRnd3Bydlo4YXdvWUZGcXcza1pvVmNZbmJfZU5kT0tSbWNGeUxyZGZ5S3RXVEg4a2EwXzFNVQ?oc=5,"Google techie in India torn between US transfer and Rs 1 crore Amazon offer, netizens react Moneycontrol.com","""(""mutual funds"" OR SIP OR AMFI OR FII OR FPI) (India OR equity OR market) when:1d"" - Google News"
2026-09-02T14:44:24+00:00,1,['AI / tech risk'],theglobeandmail.com,Bet on These 3 AI ETFs to Beat the September Curse - theglobeandmail.com,https://news.google.com/rss/articles/CBMi0AFBVV95cUxNQmpSMGZhNThpSHJsT1BwX2YxVWM4VmFhR3k5TS00WUFBX2tXVkRCWHcyaVprSGNkY0pJX0dqSzZtbDhOY3p4U0VhRkRxYy1lcnpXQVg0VHVvWmdfV0VXbi1VX01Fbk1zaU11RTdBUVRIYTVlQVZCaHgyTmNWT2E3MGZ0cmZOTTR6a0ZFTm1ST3cxSFNwWG9pTGtwZk82eXVNbDRJb3RoQVBMQzBwZzZyVGVlOC1WQlpQNWQ4NnpkOTB4TkxNY0RJalprQk9uMW9r?oc=5,Bet on These 3 AI ETFs to Beat the September Curse theglobeandmail.com,"""(AI OR ""artificial intelligence"" OR Nvidia OR semiconductor OR technology) (selloff OR ""market fall"" OR ""stocks fall"" OR correction) when:1d"" - Google News"
2026-09-02T14:43:10+00:00,1,['India market'],The Economic Times,"Franklin India Floating Interest Rates Fund Direct-IDCW Daily (₹ 10.06) - NAV, Reviews & asset allocation - The Economic Times",https://news.google.com/rss/articles/CBMitAFBVV95cUxPbnl1ZW5fdlNuN0d6a29taDhLTDJiSFlEN0h4NmhMaGlJVlZPdGJ2UWdGVG5DbDE2X1ZIVGIyRjh4S3FOemdNbndBTHN0QmFkamM1SUVQdmpqTjlmM3VNUUFuaW9udktWeWlLNGVCMTBvWjNwcFhjNVpiV19mRUZLVzJGamdSMURGdHZRNmp2RnZXeU00UFVrX25RVnl6TnkzcFJxeUFVMGwwY0puQ1BaNU1qbXY?oc=5,"Franklin India Floating Interest Rates Fund Direct-IDCW Daily (₹ 10.06) - NAV, Reviews & asset allocation The Economic Times","""(""mutual funds"" OR SIP OR AMFI OR FII OR FPI) (India OR equity OR market) when:1d"" - Google News"
2026-09-02T14:37:25+00:00,1,['India market'],GujaratSamachar English,Sensex Tanks Over 750 Points as Investor Wealth Worth ₹5 La… - GujaratSamachar English,https://news.google.com/rss/articles/CBMi5gFBVV95cUxOMEI0N016aEdtZ3dkUVBTMUlJYXJUZ1hDcDJrVkhxYUZ0TFRCM3h1MUdRT1o1SlE3RGQ2RS1aQlhlaGxCdFpEQVVFQmlnVHhuek5QTTYteHBfbkZwODcwVWlzQUhFMzBqbXVXQWlDQkZwRXBuQ3hRTGxkNmtyTDlRTjFGUFpCTGdIenZIbl9IdWpTSUNKMmlyNzZOQTAzbV84SXFwdE9HUWh1NzE1NUlGZHd2ajRhSXRJMXZMUlNSYmZkYUpwLW1jVkpad3UzNkptbXRUX0dLZlktcHhEOVdZTUxYanZPZw?oc=5,Sensex Tanks Over 750 Points as Investor Wealth Worth ₹5 La… GujaratSamachar English,"""(""broader market"" OR midcap OR smallcap) (selling OR correction OR fall OR volatility) India when:1d"" - Google News"
2026-09-02T14:25:43+00:00,1,['India market'],The Economic Times,"Bank of India Ultra Short Term Fund Direct-IDCW Weekly (₹ 1,006.57) - NAV, Reviews & asset allocation - The Economic Times",https://news.google.com/rss/articles/CBMiqgFBVV95cUxQOVAtV1U0cFJhT1ZQVFdFS2F1M3lhTHRFWXdUMHBhVXRhaVB4NkJnMW1ad2luVXJjWV9oN3cwSko5MFFpZ3hQSjJtdWpnM19aLXJJVFVldWlpcDM0Z3I3Wld1R2l1QlRkY3hHUjJWb0xYeVBPUTgtOVF5VHlfRzJJQUEzT2tTN3JTcW1RZ0dFWDNzaXl6bm5oeDlUSkdlRHU4bnM5WkRjcFc3dw?oc=5,"Bank of India Ultra Short Term Fund Direct-IDCW Weekly (₹ 1,006.57) - NAV, Reviews & asset allocation The Economic Times","""(""mutual funds"" OR SIP OR AMFI OR FII OR FPI) (India OR equity OR market) when:1d"" - Google News"
2026-09-02T14:25:00+00:00,1,['market selling'],Proactive Investors,Palo Alto stock tumbles 10% as analysts call selloff a buying opportunity - Proactive Investors,https://news.google.com/rss/articles/CBMi3gFBVV95cUxOR3RMZkVoMVBsa05nclN3QV92X2d4c2MzOFdhUWgyLWI5YnlEeGFlalAtcFU2NzVmMjk3Zks5RklvNUdXY2w3R2RnSzVSS0VRSERxZ05YMGhMX0w0Slk0NjJuSFo2QkV0eTdjVElYLWxDbTlrZWRYNHMzUTU3czljNkUtR0ttTDR4NDM5RzVRc0FwRno3REJTM3JVLTRBOFMyTVRfVENWSktMV1RHSDFnMWZza0hjUmJUNy1TMG1LY004Tkt2Rnc3TVg3M3BWUkJuNnJqZm91NHBiWmI4U3c?oc=5,Palo Alto stock tumbles 10% as analysts call selloff a buying opportunity Proactive Investors,"""(AI OR ""artificial intelligence"" OR Nvidia OR semiconductor OR technology) (selloff OR ""market fall"" OR ""stocks fall"" OR correction) when:1d"" - Google News"
2026-09-02T14:14:00+00:00,1,['market selling'],kalkine.ca,"BluMetric Environmental Stock Slides 6.12% as Project Execution, Contract Timing and Small-Cap Volatility Pressure Sentiment - kalkine.ca",https://news.google.com/rss/articles/CBMi7gFBVV95cUxOeXE3Wm1VREk0OTg2SUx6VTRFNVhkcHJnMm5LOWk2OVFXTmFaNEZWMXFDVEFqeklRbjFNUmNpZ0F4U3NBTmdPdmlpS0U4VDJZSW1CelBCeUM4SmNtQ0NvRkxrWFZLV05oVnNXUlE5Y0NyQ3VXQlRoNWY2LW5RbVZvV0J4M09qeXk3ZTBXT1lpdjhtdXJpTVpmSlRmc2ptRTBCN3F6eVJmVGNzZWpiRmVyb041M0o3bk1QdVNoYlZWcTFya2hiMjY4ZXppeGdleVJrbXgxZnlxdXpna25fYkVwOWYtOU1WcFZGclNaTXRR?oc=5,"BluMetric Environmental Stock Slides 6.12% as Project Execution, Contract Timing and Small-Cap Volatility Pressure Sentiment kalkine.ca","""(""broader market"" OR midcap OR smallcap) (selling OR correction OR fall OR volatility) India when:1d"" - Google News"
2026-09-02T14:13:00+00:00,1,['market selling'],kalkine.ca,"Flow Capital Stock Slides 5.56% as Portfolio Risk, Investment Returns and Small-Cap Volatility Pressure Sentiment - kalkine.ca",https://news.google.com/rss/articles/CBMi3AFBVV95cUxPVXZUbEs2c2NzbXprSHV2czRXakprQ21aTXM5QVhSVXM1YVNfTkNnbWtaLTBmcTBuel9pQktJUVIweUZiaFRwdFJFUkNpS3RHYWhLUFkxOHlCa09IQ3NBWTQza2hzSnFoWEtHSTdjZVlUYXJDM2o1Z2tMSWpKSFpKSXZuODlIdWFXajdCZW5TLUp4b2NfelBYdzc4WVZfLTVNWklDekpjOUN1R1I2QWoxOERqbU14TWdoMGhxSHV5c0M2R2tMVUV1RGwtSDB4Sk9JSVdWTzZzMklwczdD?oc=5,"Flow Capital Stock Slides 5.56% as Portfolio Risk, Investment Returns and Small-Cap Volatility Pressure Sentiment kalkine.ca","""(""broader market"" OR midcap OR smallcap) (selling OR correction OR fall OR volatility) India when:1d"" - Google News"
2026-09-02T14:08:07+00:00,1,['India market'],Moneycontrol.com,India to host inaugural edition of ICC Women’s Champions Trophy - Moneycontrol.com,https://news.google.com/rss/articles/CBMizgFBVV95cUxOV0JhRHlraFlrQ2VKVWZBdkRiTklES0dQX2JIMmdWTHgzYUlvcEkxbVZxLTA0Yzhvb2E3WW9yVUtkU2c2TlY4UWowWmI4dzVlWmQyRkxma090QjQ3QktiVVpaVFp6STcydFBLcnlnbU40a29WeF9SM0tZeTQtSm9lZWg5VWFNSC1BNFYtZDhRbFZJRFluM0ZndGlpOGVScFotS2hYWmFqek9nRnJxdEdUMFp0SW9uODQ5T0lKakZEbG5nUzRGSlJRNkJkcFNZQdIBzgFBVV95cUxOV0JhRHlraFlrQ2VKVWZBdkRiTklES0dQX2JIMmdWTHgzYUlvcEkxbVZxLTA0Yzhvb2E3WW9yVUtkU2c2TlY4UWowWmI4dzVlWmQyRkxma090QjQ3QktiVVpaVFp6STcydFBLcnlnbU40a29WeF9SM0tZeTQtSm9lZWg5VWFNSC1BNFYtZDhRbFZJRFluM0ZndGlpOGVScFotS2hYWmFqek9nRnJxdEdUMFp0SW9uODQ5T0lKakZEbG5nUzRGSlJRNkJkcFNZQQ?oc=5,India to host inaugural edition of ICC Women’s Champions Trophy Moneycontrol.com,"""(""mutual funds"" OR SIP OR AMFI OR FII OR FPI) (India OR equity OR market) when:1d"" - Google News"
2026-09-02T13:52:06+00:00,1,['India market'],Moneycontrol.com,"India vs Brazil football match: How to buy tickets, check prices - Moneycontrol.com",https://news.google.com/rss/articles/CBMizgFBVV95cUxNU0VmblJDVWRZOWFWbmNRY29idWlwQXNuXzJUZTFWX1JVeEpCTjgtWUZaYVhCZm5QX09icDZTcjFvTENDQ1J1MFNXSEFldmQtanlmSnExUVd2US1pbFZtWS1RZV9NSlRTQ1IwQzlXeVJVcm9BQ2JPWmVIa09SZllMSWNNdzlzRVlEZ2pYT0NlQ05hSGpvVHl1S0FZVWxrcWl2dUQyblA3b2x6T3BPdlFmVEx4LUI5YXFjUHdmcW5MckpDMXZYUTV0cFQ3Y2ZIZ9IBzgFBVV95cUxNU0VmblJDVWRZOWFWbmNRY29idWlwQXNuXzJUZTFWX1JVeEpCTjgtWUZaYVhCZm5QX09icDZTcjFvTENDQ1J1MFNXSEFldmQtanlmSnExUVd2US1pbFZtWS1RZV9NSlRTQ1IwQzlXeVJVcm9BQ2JPWmVIa09SZllMSWNNdzlzRVlEZ2pYT0NlQ05hSGpvVHl1S0FZVWxrcWl2dUQyblA3b2x6T3BPdlFmVEx4LUI5YXFjUHdmcW5MckpDMXZYUTV0cFQ3Y2ZIZw?oc=5,"India vs Brazil football match: How to buy tickets, check prices Moneycontrol.com","""(""mutual funds"" OR SIP OR AMFI OR FII OR FPI) (India OR equity OR market) when:1d"" - Google News"
2026-09-02T13:41:47+00:00,1,['India market'],The Economic Times,"Bank of India Ultra Short Term Fund Direct-IDCW Daily (₹ 1,005.00) - NAV, Reviews & asset allocation - The Economic Times",https://news.google.com/rss/articles/CBMiqgFBVV95cUxOdnVyNVludTl2NWFiNEJPUy02dVZvdkhrMTJUSGJhS2JrYTE5cmszbXJHQ3JPZUhtRUMxZElzdENpZEhoeVNiU1lqamtlcGRCcGxDbDBOd0RvVXBJaWFEbjg5MFNvd2pib1BqVkZmemt2dUdPa1hLaWw3b3Q5VnlEODJJT25ORXRtWVcwZklrSkJUcGxuRmtVRklLTmdMQTM5aEc3NmdRcE5mdw?oc=5,"Bank of India Ultra Short Term Fund Direct-IDCW Daily (₹ 1,005.00) - NAV, Reviews & asset allocation The Economic Times","""(""mutual funds"" OR SIP OR AMFI OR FII OR FPI) (India OR equity OR market) when:1d"" - Google News"
2026-09-02T13:29:38+00:00,1,['AI / tech risk'],qz.com,Apple stock becomes hedge as AI trade wobbles in 2026 - qz.com,https://news.google.com/rss/articles/CBMicEFVX3lxTE1zNHlWQXVzR2hTSDNLaXhYdVMtRDZXUVlpMFl6SXQtVVo0dXlEbHpoTVQ0dDRLcTIxX1NRT3RfcndQMVUzSm95dW5OWlpMUU5WNFNZZXQ3dlNHZzZBS3hoUjFCeDJiMVJyQkg1Z1puSS0?oc=5,Apple stock becomes hedge as AI trade wobbles in 2026 qz.com,"""(AI OR ""artificial intelligence"" OR Nvidia OR semiconductor OR technology) (selloff OR ""market fall"" OR ""stocks fall"" OR correction) when:1d"" - Google News"
2026-09-02T13:14:36+00:00,1,['India market'],The Economic Times,"JioBlackRock Nifty Next 50 Index Fund Regular-Growth (₹ 9.94) - NAV, Reviews & asset allocation - The Economic Times",https://news.google.com/rss/articles/CBMirgFBVV95cUxQa0U0dzlrSG0tbWNyRExWTTBaR1pKWExaQTg5bEo1ZTRocnFNSFdsbjhpTGdQc3RYbi1obzduNjRYZUdzZlRkUG5aem5KVjdna0w2YVNqTEJlMERhQUVSb2ZRRHdmYVhueDJuVEZCOUM2ang2V29hQk5Fc3ozVUJDQkRaRDFoOFd3S2ZGU0lwekJFeldvQlZxWDh0YzRyS3RzdUpLSTQ0YW5FalQ5aVE?oc=5,"JioBlackRock Nifty Next 50 Index Fund Regular-Growth (₹ 9.94) - NAV, Reviews & asset allocation The Economic Times","""(""mutual funds"" OR SIP OR AMFI OR FII OR FPI) (India OR equity OR market) when:1d"" - Google News"
2026-09-02T12:39:56+00:00,1,['AI / tech risk'],Межа. Новини України.,AI Boom Forces Investors to Rethink the 20 Percent Bear Market Rule - Межа. Новини України.,https://news.google.com/rss/articles/CBMiYkFVX3lxTE1wYWxSTTRadGhfR056X2lFX2FRdnE1YXhsdDB3LVBfY0RTbXNDOG5TbWxHUFlQaEFWYlRpSk9DNU9zYU42dmlkYUJCNE9tZjdmejlQZlMzX3YtS2pqd2hXcUpR?oc=5,AI Boom Forces Investors to Rethink the 20 Percent Bear Market Rule Межа. Новини України.,"""(AI OR ""artificial intelligence"" OR Nvidia OR semiconductor OR technology) (selloff OR ""market fall"" OR ""stocks fall"" OR correction) when:1d"" - Google News"
2026-09-02T12:34:00+00:00,1,['market selling'],benzinga.com,"Stock Market Today: Dow Jones, S&P 500 Futures Rise, Nasdaq 100 Falls as US-Iran Tensions Escalate— DELL - benzinga.com",https://news.google.com/rss/articles/CBMi9gFBVV95cUxNUGRTeDEtQm5UUXpCRFJPQWFjbW8xMjlVZmJlLTRuc0ZnMmlQN2NxRTFhOGhLVHlkaTNsNmcyZ0xsME92ZjM4WU5kNDVlcHZ1d1h1c3dOQlE1Y2lSeXpIc1VrM0laSS1rdGtYZ01Qc1hZMHU2UU5ickY4VVc3M2dKLXJ5eVd3dnNlOE1LMjBHQ01jZ0YtVVN6NkluRXN2UHF6dDFhQkM4NnhQVXpLV0JiYXhrRzFYeThEVWplTXpuMWZIX3BQdXgwb1ZDaWRrdzBrd0t1d1N6WFoxc0FQLXo5eVowV0tUYmpVQ3M4ZkRvUEhxNV9QZHc?oc=5,"Stock Market Today: Dow Jones, S&P 500 Futures Rise, Nasdaq 100 Falls as US-Iran Tensions Escalate— DELL benzinga.com","""(Nifty OR Sensex OR ""Indian shares"" OR midcap OR smallcap) (falls OR selloff OR correction OR ""risk off"") when:1d"" - Google News"
2026-09-02T11:38:40+00:00,1,['market selling'],AD HOC NEWS,Daicel stock holds steady as Nikkei slides on market selloff - AD HOC NEWS,https://news.google.com/rss/articles/CBMiuwFBVV95cUxNeVdNM29KVVJ1QUNXcUhqSGpsRFdfeENNVzlsWkp2SHF2X0JNSWN0ZkhZQXU0ZTNrY2ZTZnhpVjFtS0RkYnlxUGhWVy15WFJYME96U0Y1eVZscndUWWRvbDdCd3B2eFRMcFhnUXFjZVBQMzZHY0JsYVNPSFM2U0laVU11RVZ4NjNKYVYtNDY2bG5QWjFjVlBkV3VoSkNZX2U3dHdMSG93RVhPX0VZTEFuLVdJd28yVkVFekxR?oc=5,Daicel stock holds steady as Nikkei slides on market selloff AD HOC NEWS,"""(AI OR ""artificial intelligence"" OR Nvidia OR semiconductor OR technology) (selloff OR ""market fall"" OR ""stocks fall"" OR correction) when:1d"" - Google News"
2026-09-02T11:27:31+00:00,1,['India market'],Moneycontrol.com,India’s data centre sector could attract $200 billion investment: Piyush Goyal - Moneycontrol.com,https://news.google.com/rss/articles/CBMizwFBVV95cUxNR3FKVDBFZDVER3BXVUZVNTQ5UGx4QzNSbHZxNTdVbXJIT01HSGZrbTlaWUwycEpPcFB6c3BaeUVyRzliMGJCV1d0LUM2cXBQZkxFMURyQ2pTUW1rOGt0WGx6N3U4ekR2ZVFFLUZxSFJKOGNHSHlJaEhiekd4OXM3aUN0RFNWQTI0b3dKRWp3VDZpZ1ppdUlnT3FZYzNmdWRYclJpYVh3TldOdjhzSWt2NnY5bWpWb0E1a0R3UTk0cWpGVEVabDlsb2E4YjFlQ1HSAc8BQVVfeXFMTUdxSlQwRWQ1REdwV1VGVTU0OVBseEMzUmx2cTU3VW1ySE9NR0hma205WllMMnBKT3BQenNwWnlFckc5YjBiQldXdC1DNnFwUGZMRTFEckNqU1FtazhrdFhsejd1OHpEdmVRRS1GcUhSSjhjR0h5SWhIYnpHeDlzN2lDdERTVkEyNG93SkVqd1Q2aWdaaXVJZ09xWWMzZnVkWHJSaWFYd05XTnY4c0lrdjZ2OW1qVm9BNWtEd1E5NHFqRlRFWmw5bG9hOGIxZUNR?oc=5,India’s data centre sector could attract $200 billion investment: Piyush Goyal Moneycontrol.com,"""(""mutual funds"" OR SIP OR AMFI OR FII OR FPI) (India OR equity OR market) when:1d"" - Google News"
2026-09-02T11:26:14+00:00,1,['India market'],Moneycontrol.com,Previous GDP revisions too have sharply changed India’s growth numbers - Moneycontrol.com,https://news.google.com/rss/articles/CBMi1gFBVV95cUxNd0g4MVFfR29vdGtDQ3FGRmpQbEo2a1hjUlUzakNkQms4bXlxbXQ5V3RWQWVDRzh0aWFETFFHeUxOYmVZWkUzWm05ZEZONmhtQUlUWkprYXhabnNYTl9BT0x0NTE0LWtwcHlRWFF3ZWZSUkZGeXhhWUctVkZqTlFKU08yMm01UnA2RlVxRUc0c3BxR3diWkQ2cUFPX1FFcGVzV2NGZEoyR0p1aVdXdy1mcjBUeEVfTlE4UkVfS2hKeFRCVmhCT2oweDA2SjFrdzJPaUYyei130gHWAUFVX3lxTE13SDgxUV9Hb290a0NDcUZGalBsSjZrWGNSVTNqQ2RCazhteXFtdDlXdFZBZUNHOHRpYURMUUd5TE5iZVlaRTNabTlkRk42aG1BSVRaSmtheFpuc1hOX0FPTHQ1MTQta3BweVFYUXdlZlJSRkZ5eGFZRy1WRmpOUUpTTzIybTVScDZGVXFFRzRzcHFHd2JaRDZxQU9fUUVwZXNXY0ZkSjJHSnVpV1d3LWZyMFR4RV9OUThSRV9LaEp4VEJWaEJPajB4MDZKMWt3Mk9pRjJ6LXc?oc=5,Previous GDP revisions too have sharply changed India’s growth numbers Moneycontrol.com,"""(""mutual funds"" OR SIP OR AMFI OR FII OR FPI) (India OR equity OR market) when:1d"" - Google News"
2026-09-02T11:18:09+00:00,1,['India market'],Liquide Blog,"Share Market Today: Nifty 50, Bank Nifty | Sep 02, 2026 - Liquide Blog",https://news.google.com/rss/articles/CBMivwFBVV95cUxPd1lYMDJpdjJJTnlkRHFiTk5rRmFzYU9paU1GMW9aZ01vMzZoR1Z1Tm5HcHhvQVBoSXBVVk5kNGpTUlV0eXV5djFVMnJienhwRjJsSFNyXzlvQVlVaGxQNXpBTF9IT3o2N3NRRGtfS2VvV3pnVnRyZjVLcnVBemg1dHI1Q1d1VEltYU5tb0VVR29vQXZTS0lMZEpmSTc4bm43enA5R3ljWVJmZEI1eUMwNFdqMXF2Y0dTdmF5MVMzdw?oc=5,"Share Market Today: Nifty 50, Bank Nifty | Sep 02, 2026 Liquide Blog","""(Nifty OR Sensex OR ""Indian shares"" OR midcap OR smallcap) (falls OR selloff OR correction OR ""risk off"") when:1d"" - Google News"
2026-09-02T11:16:35+00:00,1,['India market'],Moneycontrol.com,"India’s Rs 4 lakh crore data centre bet runs into a power supply, cost squeeze - Moneycontrol.com",https://news.google.com/rss/articles/CBMi1AFBVV95cUxOYThoUVhsVDNtczJlYjg1UXZJNzdqMkdxaG5CdDU1c1ZxOF90VVZFaGxPaHRwUVlCUDY4OGFvSnA0VmwtRjhmMkp4LS1Gd05xNWRuQ1hIVlZOSEMyNmpXeUFxQWU5RDJocE4tRC1PbW1WUWJwUmtRb1hNTzQtdlRjNVRxQzQyRWVKNGJla01GOXZXSHliT2tudjNfNmJpZy03N2I0bXRTS3lOTThheXBVRldkMlhfUVNfa29xMmJHTXVoRFJwSlNSeGRLN0ZoRWtOdEt5atIB1AFBVV95cUxOYThoUVhsVDNtczJlYjg1UXZJNzdqMkdxaG5CdDU1c1ZxOF90VVZFaGxPaHRwUVlCUDY4OGFvSnA0VmwtRjhmMkp4LS1Gd05xNWRuQ1hIVlZOSEMyNmpXeUFxQWU5RDJocE4tRC1PbW1WUWJwUmtRb1hNTzQtdlRjNVRxQzQyRWVKNGJla01GOXZXSHliT2tudjNfNmJpZy03N2I0bXRTS3lOTThheXBVRldkMlhfUVNfa29xMmJHTXVoRFJwSlNSeGRLN0ZoRWtOdEt5ag?oc=5,"India’s Rs 4 lakh crore data centre bet runs into a power supply, cost squeeze Moneycontrol.com","""(""mutual funds"" OR SIP OR AMFI OR FII OR FPI) (India OR equity OR market) when:1d"" - Google News"
2026-09-02T11:14:59+00:00,1,['macro / flows'],rediff.com,Indian Equities Extend Losses as West Asia Tensions Fuel Oil Price Hike - rediff.com,https://news.google.com/rss/articles/CBMiywFBVV95cUxQSWFrWE1rSVYzRmZrWDFTQkFoLVhxLVRFT1RIcUc2RUR4cncyNmd0Q2pJMHZHR1RxclkxTldpMzJVVUNMbm0xRXl0aW50Tng5emtVbGZXMTVKTE9CMDRXQkV6LURQQTZ4bnNUN1JlUVJFM3RNV3BNVFkteFh2UlNNa3ZxZ3hVajVsWTlmWGQ1bWhJaElCTUVaZzdIY1R1R3N5TC1iNFJWSWhOeExsaExfQWUwUlNzbjg0S0dhZ2xhTVdNLU9LRGFrclhoVdIBzgFBVV95cUxQTUxHZEpIbnVSSWxaa3NNYWhkZmlWRWtLbnR3QU1jaUdRUFZYcU5ZNjVNcVZkSWJ3ekdERVFjVDZySEZQMzFoVnNkcFNpdVc5ejVETURrZUV4RUJhZDZnRlliQi1tR0VmVU5VWlJtR3Y1VlhaVE0zSkZNb2IxU0NZNlB1R2g0NDFGaVE5S3FILWpIT2ZNUHc4UGxqOG1EVFM2ZVMxZDVhYjZldUZyRmZXNWE2dzUtUXZLRGI3M0trbWJGWFNqUlIxR19Pbi1kUQ?oc=5,Indian Equities Extend Losses as West Asia Tensions Fuel Oil Price Hike rediff.com,"""(Nifty OR Sensex OR ""Indian shares"" OR midcap OR smallcap) (falls OR selloff OR correction OR ""risk off"") when:1d"" - Google News"
2026-09-02T10:50:57+00:00,1,['India market'],Moneycontrol.com,Premium beer drives AB InBev India growth; Budweiser maker expects double-digit momentum to continue - Moneycontrol.com,https://news.google.com/rss/articles/CBMi8gFBVV95cUxNeExsbEtmMnFrczhRSUkxeldqTnFOTGNYNE9IS1JfQ1hWdkhqd2tGcGZKQUs3cGVIYTdQT29BaHdTeHR0Vi1GRGFnMlpMYWp4RjBDamxkMGRtT1JacjQwZDdxMWpwa0pLVDB3NnZkZTNMNFlKelpOQzlnQzk5bXQwMU1xQnFDVldjMmhzaEtFTC1nbW9QU1lyYjVYaXZZdzhIeDh1QlFnT1FlWlRld3Q3SnRLdl9sc1VZb1hqdktNVXZiWGN5a290LXdYNGllVUozSEthYjRqRHQyNVRxLTZDQjZZOU1tb19DbjhmQUN2TnJ4Z9IB8gFBVV95cUxNeExsbEtmMnFrczhRSUkxeldqTnFOTGNYNE9IS1JfQ1hWdkhqd2tGcGZKQUs3cGVIYTdQT29BaHdTeHR0Vi1GRGFnMlpMYWp4RjBDamxkMGRtT1JacjQwZDdxMWpwa0pLVDB3NnZkZTNMNFlKelpOQzlnQzk5bXQwMU1xQnFDVldjMmhzaEtFTC1nbW9QU1lyYjVYaXZZdzhIeDh1QlFnT1FlWlRld3Q3SnRLdl9sc1VZb1hqdktNVXZiWGN5a290LXdYNGllVUozSEthYjRqRHQyNVRxLTZDQjZZOU1tb19DbjhmQUN2TnJ4Zw?oc=5,Premium beer drives AB InBev India growth; Budweiser maker expects double-digit momentum to continue Moneycontrol.com,"""(""mutual funds"" OR SIP OR AMFI OR FII OR FPI) (India OR equity OR market) when:1d"" - Google News"
2026-09-02T10:34:01+00:00,1,['market selling'],Business Standard,China stocks extend losses as risk-off mood weighs on markets - Business Standard,https://news.google.com/rss/articles/CBMi4AFBVV95cUxNNVV5NUw1VmdQeENOSFdEemRabmVWVWtGbUNucVZKVW1sNk5kWUtRZXk0UUVhOEdVQjUzTGdHSkY0QnpBa0IyYVNkREczbUNOZTEzMHBoTzZWalFaX3pWeURCZWs4T2Y0NDBzMkQ5XzVRVmFmQXlvb0diMGFOeno2RjRuR3YzY0ExWDlpQ3BwQzZxa0NnVGpBXzlKUWt3a2lXX0NRMld6VEd1TXJuUkRNWWhhYnRtdmdIbXZXVFRmaTM4Tk1yS3FOWVl1ZXpzdXE2dm9OZnltdVFIcU9Ja21TddIB4AFBVV95cUxNNVV5NUw1VmdQeENOSFdEemRabmVWVWtGbUNucVZKVW1sNk5kWUtRZXk0UUVhOEdVQjUzTGdHSkY0QnpBa0IyYVNkREczbUNOZTEzMHBoTzZWalFaX3pWeURCZWs4T2Y0NDBzMkQ5XzVRVmFmQXlvb0diMGFOeno2RjRuR3YzY0ExWDlpQ3BwQzZxa0NnVGpBXzlKUWt3a2lXX0NRMld6VEd1TXJuUkRNWWhhYnRtdmdIbXZXVFRmaTM4Tk1yS3FOWVl1ZXpzdXE2dm9OZnltdVFIcU9Ja21TdQ?oc=5,China stocks extend losses as risk-off mood weighs on markets Business Standard,"""(Nifty OR Sensex OR ""Indian shares"" OR midcap OR smallcap) (falls OR selloff OR correction OR ""risk off"") when:1d"" - Google News"
2026-09-02T10:19:35+00:00,1,['market selling'],Moneycontrol.com,"Eicher Motors, Hero Motocorp shares fall up to 6% after August Sales data; should you buy, sell or hold? - Moneycontrol.com",https://news.google.com/rss/articles/CBMi_AFBVV95cUxPZVViLXpFUV9OdnBxTGlPRDcyeVU2dmhjWWx3TTlhTVJiUk5ORHN6OE1pYzZtc3FIYVlJazdGZmVHaEtsdGJlV0dWNW96VmlfNXVqNGJhNkE4U2V6Y25BVFpZOW5YSGpIVnJ4c2cwZ05jQ0VzanNQUjhIVFVBNHRVY2F3NnN4MFFfZXl4Z0hJTjNtazF0Q0VIbGJmZGwwMWU3enlOZG5vZWdVNlNCTFJtNmpzalJoaE0yYXlKWi0wbWg1RGFTRE5fcDUtVE1oaHNzMGJuZkd0b3BWa216U2FadGJ5SjIwQWRNM1VsUTFOd2tDNUY3dVdjTy11a3rSAfwBQVVfeXFMT2VVYi16RVFfTnZwcUxpT0Q3MnlVNnZoY1lsd005YU1SYlJOTkRzejhNaWM2bXNxSGFZSWs3RmZlR2hLbHRiZVdHVjVvelZpXzV1ajRiYTZBOFNlemNuQVRaWTluWEhqSFZyeHNnMGdOY0NFc2pzUFI4SFRVQTR0VWNhdzZzeDBRX2V5eGdISU4zbWsxdENFSGxiZmRsMDFlN3p5TmRub2VnVTZTQkxSbTZqc2pSaGhNMmF5SlotMG1oNURhU0ROX3A1LVRNaGhzczBibmZHdG9wVmttelNhWnRieUoyMEFkTTNVbFExTndrQzVGN3VXY08tdWt6?oc=5,"Eicher Motors, Hero Motocorp shares fall up to 6% after August Sales data; should you buy, sell or hold? Moneycontrol.com","""(""broader market"" OR midcap OR smallcap) (selling OR correction OR fall OR volatility) India when:1d"" - Google News"
2026-09-02T10:04:00+00:00,1,['macro / flows'],KITCO,"Gold, silver rebound as soft ADP tempers Fed-hike trade - Kitco AM Report - KITCO",https://news.google.com/rss/articles/CBMiswFBVV95cUxQYjFSOFlsdUlVcnAzWHpCdEVwZ0pfR0xMWlhvcm9yajRpNmhCMWNTZ3BZUU8xaDJ1aUJvZVJONllqcHJhVWhuYVNkNEpwRHpHeUFkQ1VETi1QUUNIbUs4LXg2ckdiUzhHQzlzUHVQWHVFYmppMndwMERiak8zQWtKci1ydmpEa2RLc1luLUR0TUNONkpGNkN5MW9maEhyWkVSdzg4Wl9rOHhOdlc0YW9WT09sVQ?oc=5,"Gold, silver rebound as soft ADP tempers Fed-hike trade - Kitco AM Report KITCO","""(AI OR ""artificial intelligence"" OR Nvidia OR semiconductor OR technology) (selloff OR ""market fall"" OR ""stocks fall"" OR correction) when:1d"" - Google News"
