Symbol,YahooTicker,Description,Sector,Analyst Rating,Screen Price,Screen Relative Volume,last_date,last_close,rsi_14,atr_14,return_1m_pct,return_3m_pct,return_6m_pct,distance_from_52w_high_pct,above_sma_20,distance_sma_20_pct,above_sma_50,distance_sma_50_pct,above_sma_100,distance_sma_100_pct,above_sma_200,distance_sma_200_pct,relative_strength_benchmark,relative_strength_ratio,relative_strength_ratio_sma_50,relative_strength_ratio_distance_sma_50_pct,relative_strength_above_50dma,relative_strength_3m_pct,relative_strength_leader,pnf_signal,pnf_price_source,pnf_box_method,box_size,pnf_reversal_boxes,setup_label,setup_reasons,rank_score,chart_pattern_view
RAIN,RAIN.NS,Rain Industries Limited,Process industries,Strong buy,225.23,0.8593130866753937,2026-07-30,222.85,61.82,9.14,21.895852300402986,74.61996654712036,54.06153854592859,-1.06,True,5.22,True,12.43,True,36.79,True,50.37,^NSEMDCP50,0.01238,0.01122,10.34,True,64.77146251303947,True,Bullish P&F breakout,"Adj Close if available, else Close",2.0% of latest close,4.46,3,Strong watchlist candidate,above 50 DMA; above 200 DMA; RS ratio above 50 DMA (10.3%); RSI in constructive zone; P&F breakout,7.5,Breakout candidate and RS leader; watch for retest/continuation
MENONBE,MENONBE.NS,Menon Bearings Limited,Producer manufacturing,No rating,213.77,0.3984402008200852,2026-07-30,214.9,65.36,12.21,34.276755673877155,70.92558254379323,75.36216256599262,-5.14,True,11.33,True,25.29,True,45.65,True,63.99,^NSEMDCP50,0.011939,0.009699,23.1,True,61.28544045410882,True,Bullish P&F breakout,"Adj Close if available, else Close",2.0% of latest close,4.3,3,Strong watchlist candidate,above 50 DMA; above 200 DMA; RS ratio above 50 DMA (23.1%); RSI in constructive zone; P&F breakout,7.5,Breakout candidate and RS leader; watch for retest/continuation
BLSE,BLSE.NS,BLS E-Services Limited,Technology services,No rating,282.32,6.430677455679042,2026-07-30,294.88,69.31,12.18,15.44906702558455,46.65539073031824,79.60209995521393,-1.32,True,8.15,True,20.2,True,41.2,True,49.41,^NSEMDCP50,0.016382,0.013877,18.05,True,38.38407883061343,True,Bullish P&F breakout,"Adj Close if available, else Close",2.0% of latest close,5.9,3,Strong watchlist candidate,above 50 DMA; above 200 DMA; RS ratio above 50 DMA (18.1%); RSI in constructive zone; P&F breakout,7.5,Breakout candidate and RS leader; watch for retest/continuation
RRKABEL,RRKABEL.NS,RR Kabel Ltd.,Producer manufacturing,Buy,2493.6,1.7864363857393568,2026-07-30,2574.2,65.37,112.75,8.082462272600033,45.37454901022151,91.44575830341215,-0.1,True,8.67,True,13.27,True,34.53,True,54.85,^NSEMDCP50,0.14301,0.128628,11.18,True,37.175476128177905,True,Bullish P&F breakout,"Adj Close if available, else Close",2.0% of latest close,51.48,3,Strong watchlist candidate,above 50 DMA; above 200 DMA; RS ratio above 50 DMA (11.2%); RSI in constructive zone; P&F breakout,7.5,Breakout candidate and RS leader; watch for retest/continuation
GCSL,GCSL.NS,Gretex Corporate Services Ltd,Finance,No rating,531.0,1.0375270872760347,2026-07-30,523.2,65.7,16.76,21.86895869900427,43.38113061742839,75.16369024661047,-1.49,True,2.79,True,14.9,True,29.13,True,44.46,^NSEMDCP50,0.029067,0.025757,12.85,True,35.294485824057766,True,Bullish P&F breakout,"Adj Close if available, else Close",2.0% of latest close,10.46,3,Strong watchlist candidate,above 50 DMA; above 200 DMA; RS ratio above 50 DMA (12.8%); RSI in constructive zone; P&F breakout,7.5,Breakout candidate and RS leader; watch for retest/continuation
ESAFSFB,ESAFSFB.NS,ESAF Small Finance Bank Limited,Finance,No rating,38.69,7.645079608895888,2026-07-30,36.71,58.45,1.95,9.223440695702712,38.21536077794547,30.26969015940777,-5.12,True,2.79,True,13.06,True,27.62,True,30.95,^NSEMDCP50,0.002039,0.001836,11.09,True,30.420063567037904,True,Bullish P&F breakout,"Adj Close if available, else Close",2.0% of latest close,0.73,3,Strong watchlist candidate,above 50 DMA; above 200 DMA; RS ratio above 50 DMA (11.1%); RSI in constructive zone; P&F breakout,7.5,Breakout candidate and RS leader; watch for retest/continuation
SPORTKING,SPORTKING.NS,Sportking India Ltd.,Process industries,No rating,213.74,0.733720077094185,2026-07-30,204.76,60.24,9.1,16.98565727868566,36.23419184916723,143.5589333295097,-5.01,True,4.03,True,10.36,True,28.05,True,59.63,^NSEMDCP50,0.011375,0.010501,8.33,True,28.550631861516983,True,Bullish P&F breakout,"Adj Close if available, else Close",2.0% of latest close,4.1,3,Strong watchlist candidate,above 50 DMA; above 200 DMA; RS ratio above 50 DMA (8.3%); RSI in constructive zone; P&F breakout,7.5,Breakout candidate and RS leader; watch for retest/continuation
GHCLTEXTIL,GHCLTEXTIL.NS,Ghcl Textiles Ltd.,Process industries,No rating,115.82,0.6441975258736752,2026-07-30,121.36,69.99,5.43,24.945952890038757,35.35541511926363,58.078161889095334,0.0,True,7.56,True,18.65,True,31.92,True,44.97,^NSEMDCP50,0.006742,0.005786,16.52,True,27.721417826765894,True,Bullish P&F breakout,"Adj Close if available, else Close",2.0% of latest close,2.43,3,Strong watchlist candidate,above 50 DMA; above 200 DMA; RS ratio above 50 DMA (16.5%); RSI in constructive zone; P&F breakout,7.5,Breakout candidate and RS leader; watch for retest/continuation
SWANDEF,SWANDEF.NS,Swan Defence and Heavy Industries Ltd,Producer manufacturing,No rating,2427.7,0.4188397942229607,2026-07-30,2425.0,64.13,103.81,7.519735080240375,34.21518344394745,33.344332594015654,-0.23,True,5.07,True,12.36,True,19.01,True,43.15,^NSEMDCP50,0.134721,0.122129,10.31,True,26.645494812573546,True,Bullish P&F breakout,"Adj Close if available, else Close",2.0% of latest close,48.5,3,Strong watchlist candidate,above 50 DMA; above 200 DMA; RS ratio above 50 DMA (10.3%); RSI in constructive zone; P&F breakout,7.5,Breakout candidate and RS leader; watch for retest/continuation
SJS,SJS.NS,S.J.S. Enterprises Limited,Producer manufacturing,Strong buy,2335.6,2.2303085112502723,2026-07-30,2367.5,67.5,76.2,6.2755331459509955,26.70156814958009,46.49697357352181,-2.14,True,5.85,True,9.63,True,21.71,True,30.11,^NSEMDCP50,0.131527,0.122243,7.59,True,19.555644749641775,True,Bullish P&F breakout,"Adj Close if available, else Close",2.0% of latest close,47.35,3,Strong watchlist candidate,above 50 DMA; above 200 DMA; RS ratio above 50 DMA (7.6%); RSI in constructive zone; P&F breakout,7.5,Breakout candidate and RS leader; watch for retest/continuation
SGMART,SGMART.NS,SG Mart Ltd,Utilities,Buy,713.55,1.331625727219783,2026-07-30,700.7,63.55,29.63,15.142556283381658,25.494769023981846,99.23229681168112,-2.77,True,6.11,True,13.15,True,22.32,True,48.97,^NSEMDCP50,0.038928,0.035045,11.08,True,18.416908665697896,True,Bullish P&F breakout,"Adj Close if available, else Close",2.0% of latest close,14.01,3,Strong watchlist candidate,above 50 DMA; above 200 DMA; RS ratio above 50 DMA (11.1%); RSI in constructive zone; P&F breakout,7.5,Breakout candidate and RS leader; watch for retest/continuation
HAPPYFORGE,HAPPYFORGE.NS,Happy Forging Limited,Producer manufacturing,Buy,1615.5,1.085958689755894,2026-07-30,1644.6,63.24,51.98,7.6126884690937535,22.546003313479268,57.50228784958973,-0.87,True,3.64,True,10.25,True,17.72,True,32.13,^NSEMDCP50,0.091366,0.084401,8.25,True,15.634452292951373,True,Bullish P&F breakout,"Adj Close if available, else Close",2.0% of latest close,32.89,3,Strong watchlist candidate,above 50 DMA; above 200 DMA; RS ratio above 50 DMA (8.2%); RSI in constructive zone; P&F breakout,7.5,Breakout candidate and RS leader; watch for retest/continuation
FEDERALBNK,FEDERALBNK.NS,Federal Bank Ltd. (India),Finance,Buy,354.3,0.3755085695502052,2026-07-30,353.5,67.19,6.52,6.6686802988954685,22.25488758839571,24.274911172340573,-1.57,True,3.49,True,9.47,True,17.1,True,25.51,^NSEMDCP50,0.019639,0.018275,7.46,True,15.359755391267926,True,Bullish P&F breakout,"Adj Close if available, else Close",2.0% of latest close,7.07,3,Strong watchlist candidate,above 50 DMA; above 200 DMA; RS ratio above 50 DMA (7.5%); RSI in constructive zone; P&F breakout,7.5,Breakout candidate and RS leader; watch for retest/continuation
FLUOROCHEM,FLUOROCHEM.NS,Gujarat Fluorochemicals Ltd.,Process industries,Buy,4573.7,0.354758913645029,2026-07-30,4437.9,63.36,136.12,12.897809982332742,18.31875452092675,47.18426552835855,-3.67,True,5.07,True,12.67,True,20.95,True,24.16,^NSEMDCP50,0.246549,0.222866,10.63,True,11.645618829468841,True,Bullish P&F breakout,"Adj Close if available, else Close",2.0% of latest close,88.76,3,Strong watchlist candidate,above 50 DMA; above 200 DMA; RS ratio above 50 DMA (10.6%); RSI in constructive zone; P&F breakout,7.5,Breakout candidate and RS leader; watch for retest/continuation
KARURVYSYA,KARURVYSYA.NS,Karur Vysya Bank Ltd.,Finance,Strong buy,338.9,0.2910107893473242,2026-07-30,342.05,69.78,10.58,14.865134365521037,15.90796065561564,17.328215188203842,0.0,True,8.52,True,14.42,True,17.04,True,22.16,^NSEMDCP50,0.019003,0.016918,12.32,True,9.370792881099499,True,Bullish P&F breakout,"Adj Close if available, else Close",2.0% of latest close,6.84,3,Strong watchlist candidate,above 50 DMA; above 200 DMA; RS ratio above 50 DMA (12.3%); RSI in constructive zone; P&F breakout,7.5,Breakout candidate and RS leader; watch for retest/continuation
UJJIVANSFB,UJJIVANSFB.NS,Ujjivan Small Finance Bank Ltd.,Finance,Strong buy,70.72,2.188598215603997,2026-07-30,70.46,69.41,2.67,14.924151861408586,14.811797801523486,11.699424602401876,-1.55,True,7.18,True,18.08,True,21.58,True,23.49,^NSEMDCP50,0.003914,0.003375,15.98,True,8.336453222281094,True,Bullish P&F breakout,"Adj Close if available, else Close",2.0% of latest close,1.41,3,Strong watchlist candidate,above 50 DMA; above 200 DMA; RS ratio above 50 DMA (16.0%); RSI in constructive zone; P&F breakout,7.5,Breakout candidate and RS leader; watch for retest/continuation
LLOYDSME,LLOYDSME.NS,Lloyds Metals & Energy Ltd.,Non-energy minerals,Buy,1940.5,0.9671302204899852,2026-07-30,2003.0,63.61,65.81,10.914224094431146,11.499141259791411,75.49887290211981,-2.35,True,7.05,True,10.52,True,20.32,True,37.19,^NSEMDCP50,0.111277,0.102586,8.47,True,5.210629331819572,True,Bullish P&F breakout,"Adj Close if available, else Close",2.0% of latest close,40.06,3,Strong watchlist candidate,above 50 DMA; above 200 DMA; RS ratio above 50 DMA (8.5%); RSI in constructive zone; P&F breakout,7.5,Breakout candidate and RS leader; watch for retest/continuation
MMFL,MMFL.NS,MM Forgings Limited,Producer manufacturing,Strong buy,551.85,0.496333084327699,2026-07-30,537.45,60.25,18.88,16.305995478960543,10.048564395283366,30.522093205005696,-3.94,True,1.69,True,10.99,True,15.26,True,28.25,^NSEMDCP50,0.029858,0.027394,8.99,True,3.8418644867749263,True,Bullish P&F breakout,"Adj Close if available, else Close",2.0% of latest close,10.75,3,Strong watchlist candidate,above 50 DMA; above 200 DMA; RS ratio above 50 DMA (9.0%); RSI in constructive zone; P&F breakout,7.5,Breakout candidate and RS leader; watch for retest/continuation
APOLLOHOSP,APOLLOHOSP.NS,Apollo Hospitals Enterprise Limited,Health services,Strong buy,8805.5,0.678095311721555,2026-07-30,8995.0,64.96,124.34,4.368509601438775,16.25201938610663,30.96244289157637,0.0,True,1.35,True,4.54,True,10.5,True,16.02,^NSEMDCP50,0.499719,0.487103,2.59,True,9.695446821507181,True,Bullish P&F breakout,"Adj Close if available, else Close",2.0% of latest close,179.9,3,Strong watchlist candidate,above 50 DMA; above 200 DMA; RS ratio above 50 DMA (2.6%); RSI in constructive zone; P&F breakout,7.0,Breakout candidate and RS leader; watch for retest/continuation
HNDFDS,HNDFDS.NS,Hindustan Foods Ltd.,Consumer non-durables,Strong buy,577.2,0.7762112816654851,2026-07-30,570.8,55.95,16.01,1.774095148463939,13.343919951351246,25.12055513359568,-1.27,True,1.59,True,3.84,True,8.63,True,10.06,^NSEMDCP50,0.031711,0.031118,1.91,True,6.951363161013058,True,Bullish P&F breakout,"Adj Close if available, else Close",2.0% of latest close,11.42,3,Strong watchlist candidate,above 50 DMA; above 200 DMA; RS ratio above 50 DMA (1.9%); RSI in constructive zone; P&F breakout,7.0,Breakout candidate and RS leader; watch for retest/continuation
MARICO,MARICO.NS,Marico Limited,Consumer non-durables,Strong buy,855.6,1.3316948280533485,2026-07-30,885.15,68.69,17.47,4.488579190585362,13.338579426774277,20.708317366292196,0.0,True,4.06,True,6.53,True,10.27,True,14.66,^NSEMDCP50,0.049175,0.047039,4.54,True,6.946323840123614,True,Bullish P&F breakout,"Adj Close if available, else Close",2.0% of latest close,17.7,3,Strong watchlist candidate,above 50 DMA; above 200 DMA; RS ratio above 50 DMA (4.5%); RSI in constructive zone; P&F breakout,7.0,Breakout candidate and RS leader; watch for retest/continuation
SHREEJISPG,SHREEJISPG.NS,Shreeji Shipping Global Limited,Transportation,No rating,625.8,0.4571586185375261,2026-07-30,637.6,74.58,17.13,27.724350960453936,49.74166131163666,105.72840774346118,0.0,True,9.23,True,22.94,True,41.76,True,63.08,^NSEMDCP50,0.035422,0.029327,20.78,True,41.29628484834613,True,Bullish P&F breakout,"Adj Close if available, else Close",2.0% of latest close,12.75,3,Strong watchlist candidate,above 50 DMA; above 200 DMA; RS ratio above 50 DMA (20.8%); P&F breakout,6.9,Breakout candidate and RS leader; watch for retest/continuation
KRISHANA,KRISHANA.NS,Krishana Phoschem Ltd.,Process industries,No rating,162.05,2.3842325118791643,2026-07-30,174.9,73.91,8.48,25.349383950855177,43.2077957742238,79.81157212133334,0.0,True,18.57,True,24.05,True,35.36,True,51.21,^NSEMDCP50,0.009717,0.00798,21.76,True,35.1309270043876,True,Bullish P&F breakout,"Adj Close if available, else Close",2.0% of latest close,3.5,3,Strong watchlist candidate,above 50 DMA; above 200 DMA; RS ratio above 50 DMA (21.8%); P&F breakout,6.9,Breakout candidate and RS leader; watch for retest/continuation
KAPSTON,KAPSTON.NS,Kapston Services Limited,Commercial services,No rating,460.7,0.3824820466519753,2026-07-30,460.65,74.16,16.0,22.52958609901836,35.58498716599983,11.672725793087114,-0.82,True,8.95,True,21.92,True,34.23,True,37.81,^NSEMDCP50,0.025592,0.021367,19.77,True,27.93804209168136,True,Bullish P&F breakout,"Adj Close if available, else Close",2.0% of latest close,9.21,3,Strong watchlist candidate,above 50 DMA; above 200 DMA; RS ratio above 50 DMA (19.8%); P&F breakout,6.9,Breakout candidate and RS leader; watch for retest/continuation
LALPATHLAB,LALPATHLAB.NS,Dr. Lal PathLabs Limited,Health services,Buy,1759.2,6.4529792267993615,2026-07-30,1892.7,74.18,61.73,16.92073647781911,20.905324841185525,36.18029377356038,0.0,True,9.67,True,14.25,True,22.49,True,25.9,^NSEMDCP50,0.105149,0.093761,12.15,True,14.086307503217089,True,Bullish P&F breakout,"Adj Close if available, else Close",2.0% of latest close,37.85,3,Strong watchlist candidate,above 50 DMA; above 200 DMA; RS ratio above 50 DMA (12.2%); P&F breakout,6.9,Breakout candidate and RS leader; watch for retest/continuation
MANAPPURAM,MANAPPURAM.NS,Manappuram Finance Limited,Finance,Neutral,352.95,0.8617213594802036,2026-07-30,368.35,70.91,10.43,16.32717928424543,20.902425983143512,26.69201817045539,-0.49,True,7.3,True,12.6,True,21.41,True,24.27,^NSEMDCP50,0.020464,0.018513,10.54,True,14.083572139738099,True,Bullish P&F breakout,"Adj Close if available, else Close",2.0% of latest close,7.37,3,Strong watchlist candidate,above 50 DMA; above 200 DMA; RS ratio above 50 DMA (10.5%); P&F breakout,6.9,Breakout candidate and RS leader; watch for retest/continuation
BAJAJ_AUTO,BAJAJ-AUTO.NS,Bajaj Auto Limited,Consumer durables,Buy,11130.0,0.6234672779024646,2026-07-30,11445.0,73.65,240.01,16.287339971550495,14.54864159390381,23.030358254869586,0.0,True,8.11,True,10.94,True,15.45,True,19.95,^NSEMDCP50,0.63583,0.584114,8.85,True,8.088138931216449,True,Bullish P&F breakout,"Adj Close if available, else Close",2.0% of latest close,228.9,3,Strong watchlist candidate,above 50 DMA; above 200 DMA; RS ratio above 50 DMA (8.8%); P&F breakout,6.9,Breakout candidate and RS leader; watch for retest/continuation
SUNPHARMA,SUNPHARMA.NS,Sun Pharmaceutical Industries Limited,Health technology,Strong buy,1941.1,0.835715060749531,2026-07-30,2014.2,72.76,30.93,8.213419930340793,10.747399970897508,26.2012283955414,0.0,True,3.6,True,7.66,True,10.7,True,14.05,^NSEMDCP50,0.111899,0.105895,5.67,True,4.501285984367587,True,Bullish P&F breakout,"Adj Close if available, else Close",2.0% of latest close,40.28,3,Strong watchlist candidate,above 50 DMA; above 200 DMA; RS ratio above 50 DMA (5.7%); P&F breakout,6.9,Breakout candidate and RS leader; watch for retest/continuation
E2E,E2E.NS,E2E Networks Ltd,Technology services,Strong buy,516.7,4.790067414789606,2026-07-30,485.65,60.35,26.2,20.598455221006517,71.52897450677997,133.89038495667407,-10.48,True,11.46,True,16.66,True,41.54,True,64.88,^NSEMDCP50,0.02698,0.023566,14.49,True,61.854801324895135,True,"Falling P&F column, wait for reversal","Adj Close if available, else Close",2.0% of latest close,9.71,3,Strong watchlist candidate,above 50 DMA; above 200 DMA; RS ratio above 50 DMA (14.5%); RSI in constructive zone,6.5,Relative-strength leader; look for clean price trigger
RUBICON,RUBICON.NS,Rubicon Research Limited,Health technology,Strong buy,1520.2,0.5733336328937285,2026-07-30,1512.4,60.33,65.79,10.53940055462499,54.87174679425579,131.09481185793362,-2.8,True,3.64,True,13.45,True,37.41,,,^NSEMDCP50,0.084022,0.075418,11.41,True,46.13703533354321,True,Bullish P&F breakout,"Adj Close if available, else Close",2.0% of latest close,30.25,3,Strong watchlist candidate,above 50 DMA; RS ratio above 50 DMA (11.4%); RSI in constructive zone; P&F breakout,6.5,Near highs with trend support; needs breakout trigger
RADICO,RADICO.NS,Radico Khaitan Limited,Consumer non-durables,Strong buy,4091.3,1.2112061705050254,2026-07-30,4393.9,77.03,113.41,11.411446620553868,29.931812094491317,60.319241474133456,0.0,True,6.75,True,15.07,True,27.72,True,35.7,^NSEMDCP50,0.244104,0.216037,12.99,True,22.60370408444463,True,Bullish P&F breakout,"Adj Close if available, else Close",2.0% of latest close,87.88,3,"Watch, wait for price trigger",above 50 DMA; above 200 DMA; RS ratio above 50 DMA (13.0%); RSI stretched; P&F breakout,6.5,Breakout confirmed but stretched; wait for consolidation or retest
EXIDEIND,EXIDEIND.NS,Exide Industries Limited,Producer manufacturing,Neutral,443.0,1.6740275545147942,2026-07-30,445.9,64.89,14.59,14.778226368687797,24.783961176636772,39.51013696411832,-0.44,True,3.95,True,10.62,True,22.19,True,23.39,^NSEMDCP50,0.024772,0.022815,8.58,True,17.746190128243633,True,"Rising P&F column, no fresh breakout yet","Adj Close if available, else Close",2.0% of latest close,8.92,3,Strong watchlist candidate,above 50 DMA; above 200 DMA; RS ratio above 50 DMA (8.6%); RSI in constructive zone,6.5,Relative-strength leader; look for clean price trigger
MUTHOOTMF,MUTHOOTMF.NS,Muthoot Microfin Ltd,Finance,Strong buy,250.11,0.1478914285961145,2026-07-30,252.65,63.51,10.53,14.804373830127183,24.140128042770193,40.43913422357359,-1.24,True,5.59,True,19.3,True,31.43,True,36.87,^NSEMDCP50,0.014036,0.011973,17.23,True,17.1386689542379,True,"Rising P&F column, no fresh breakout yet","Adj Close if available, else Close",2.0% of latest close,5.05,3,Strong watchlist candidate,above 50 DMA; above 200 DMA; RS ratio above 50 DMA (17.2%); RSI in constructive zone,6.5,Relative-strength leader; look for clean price trigger
CORONA,CORONA.NS,Corona Remedies Limited,Health technology,Strong buy,2113.0,2.4704112940421523,2026-07-30,2121.7,65.21,68.33,8.476912147259764,23.270503858975044,50.27609319781685,0.0,True,3.28,True,12.2,True,20.56,,,^NSEMDCP50,0.117872,0.106974,10.19,True,16.318091265248526,True,Bullish P&F breakout,"Adj Close if available, else Close",2.0% of latest close,42.43,3,Strong watchlist candidate,above 50 DMA; RS ratio above 50 DMA (10.2%); RSI in constructive zone; P&F breakout,6.5,Near highs with trend support; needs breakout trigger
TVSMOTOR,TVSMOTOR.NS,TVS Motor Company Limited,Consumer durables,Buy,3870.2,1.0185841664141255,2026-07-30,4173.3,77.48,100.7,19.441894810746984,19.39063952760691,12.323971357441055,0.0,True,10.97,True,17.31,True,17.6,True,16.04,^NSEMDCP50,0.231849,0.201323,15.16,True,12.657049902838292,True,Bullish P&F breakout,"Adj Close if available, else Close",2.0% of latest close,83.47,3,"Watch, wait for price trigger",above 50 DMA; above 200 DMA; RS ratio above 50 DMA (15.2%); RSI stretched; P&F breakout,6.5,Breakout confirmed but stretched; wait for consolidation or retest
UNITDSPR,UNITDSPR.NS,United Spirits Limited,Consumer non-durables,Buy,1467.2,5.360701206686668,2026-07-30,1519.8,76.25,35.24,13.243416184631984,15.873801795912401,15.437102217849175,0.0,True,7.09,True,13.14,True,15.31,True,12.76,^NSEMDCP50,0.084433,0.076017,11.07,True,9.338560568939712,True,Bullish P&F breakout,"Adj Close if available, else Close",2.0% of latest close,30.4,3,"Watch, wait for price trigger",above 50 DMA; above 200 DMA; RS ratio above 50 DMA (11.1%); RSI stretched; P&F breakout,6.5,Breakout confirmed but stretched; wait for consolidation or retest
TITAN,TITAN.NS,Titan Company Limited,Consumer durables,Buy,4677.0,0.7670776044741879,2026-07-30,4843.7,76.76,77.17,10.480460182577511,11.381936179290841,22.247785252797335,-0.13,True,4.24,True,10.38,True,12.37,True,17.02,^NSEMDCP50,0.269093,0.248318,8.37,True,5.100034576191614,True,Bullish P&F breakout,"Adj Close if available, else Close",2.0% of latest close,96.87,3,"Watch, wait for price trigger",above 50 DMA; above 200 DMA; RS ratio above 50 DMA (8.4%); RSI stretched; P&F breakout,6.5,Breakout confirmed but stretched; wait for consolidation or retest
LENSKART,LENSKART.NS,Lenskart Solutions Limited,Health technology,Buy,555.9,0.4612019135483035,2026-07-30,563.6,63.49,15.67,6.22938244338731,9.309542721651965,29.073624977434175,-1.47,True,3.07,True,7.21,True,8.97,,,^NSEMDCP50,0.031311,0.029757,5.22,True,3.1445233728065958,True,Bullish P&F breakout,"Adj Close if available, else Close",2.0% of latest close,11.27,3,Strong watchlist candidate,above 50 DMA; RS ratio above 50 DMA (5.2%); RSI in constructive zone; P&F breakout,6.5,Near highs with trend support; needs breakout trigger
KTKBANK,KTKBANK.NS,Karnataka Bank Ltd.,Finance,Strong buy,279.7,0.970917767839444,2026-07-30,286.6,60.68,8.76,4.6558333817164455,4.446068687462734,56.4239734712604,0.0,True,4.28,True,5.63,True,11.51,True,27.05,^NSEMDCP50,0.015922,0.015361,3.65,True,-1.444652454868911,False,Bullish P&F breakout,"Adj Close if available, else Close",2.0% of latest close,5.73,3,Strong watchlist candidate,above 50 DMA; above 200 DMA; RS ratio above 50 DMA (3.6%); RSI in constructive zone; P&F breakout,6.5,Breakout candidate; watch for retest/continuation
BOSCHLTD,BOSCHLTD.NS,Bosch Limited,Producer manufacturing,Buy,41755.0,1.1182967789699454,2026-07-30,41290.0,54.42,925.32,1.2382003187446422,15.174337517433756,16.935712262815073,-2.25,False,-0.56,True,4.08,True,11.21,True,11.75,^NSEMDCP50,2.293876,2.245338,2.16,True,8.67854582710057,True,Bullish P&F breakout,"Adj Close if available, else Close",2.0% of latest close,825.8,3,Strong watchlist candidate,above 50 DMA; above 200 DMA; RS ratio above 50 DMA (2.2%); RSI in constructive zone; P&F breakout,6.25,Breakout candidate and RS leader; watch for retest/continuation
CONFIPET,CONFIPET.NS,Confidence Petroleum India Limited,Retail trade,No rating,78.3,1.456956580734387,2026-07-30,77.83,56.53,4.06,1.2225288709428739,40.2595052745458,139.62439325113337,-3.96,True,3.57,True,7.63,True,27.57,True,60.38,^NSEMDCP50,0.004324,0.004095,5.6,True,32.34891904074415,True,"Falling P&F column, wait for reversal","Adj Close if available, else Close",2.0% of latest close,1.56,3,Strong watchlist candidate,above 50 DMA; above 200 DMA; RS ratio above 50 DMA (5.6%); RSI in constructive zone,6.0,Relative-strength leader; look for clean price trigger
SATIN,SATIN.NS,Satin Creditcare Network Ltd,Finance,Strong buy,268.87,2.919329155415691,2026-07-30,259.27,54.55,11.44,3.03619758479019,37.50728444300322,63.5256915946161,-3.57,True,0.14,True,6.71,True,24.95,True,45.0,^NSEMDCP50,0.014404,0.01375,4.75,True,29.751922485658035,True,"Rising P&F column, no fresh breakout yet","Adj Close if available, else Close",2.0% of latest close,5.19,3,Strong watchlist candidate,above 50 DMA; above 200 DMA; RS ratio above 50 DMA (4.8%); RSI in constructive zone,6.0,Relative-strength leader; look for clean price trigger
MBAPL,MBAPL.NS,Madhya Bharat Agro Products Ltd.,Process industries,No rating,148.25,0.3463731075084684,2026-07-30,163.55,74.01,7.62,37.8423943939737,49.2475320731282,102.69279042452465,-0.27,True,18.34,True,34.09,True,46.03,True,66.49,^NSEMDCP50,0.009086,0.006897,31.73,True,40.83002432322156,True,Bullish P&F breakout,"Adj Close if available, else Close",2.0% of latest close,3.27,3,Strong watchlist candidate,above 50 DMA; above 200 DMA; RS ratio above 50 DMA (31.7%); P&F breakout,5.9,Breakout candidate and RS leader; watch for retest/continuation
LAURUSLABS,LAURUSLABS.NS,Laurus Labs Ltd.,Health technology,Neutral,1601.2,1.877437389512573,2026-07-30,1783.7,80.11,44.89,19.446855477681325,53.07577434526425,78.72631325048913,0.0,True,12.32,True,20.15,True,37.23,True,54.44,^NSEMDCP50,0.099094,0.084004,17.96,True,44.44235509218826,True,Bullish P&F breakout,"Adj Close if available, else Close",2.0% of latest close,35.67,3,"Watch, wait for price trigger",above 50 DMA; above 200 DMA; RS ratio above 50 DMA (18.0%); RSI stretched; P&F breakout,5.8,Breakout confirmed but stretched; wait for consolidation or retest
SSWL,SSWL.NS,Steel Strips Wheels Ltd,Producer manufacturing,Strong buy,288.31,0.2883953320535976,2026-07-30,297.78,83.22,11.21,20.56846867379447,38.33503966285774,55.71009737810384,0.0,True,11.18,True,23.11,True,34.32,True,39.15,^NSEMDCP50,0.016543,0.013682,20.91,True,30.532992605388152,True,Bullish P&F breakout,"Adj Close if available, else Close",2.0% of latest close,5.96,3,"Watch, wait for price trigger",above 50 DMA; above 200 DMA; RS ratio above 50 DMA (20.9%); RSI stretched; P&F breakout,5.8,Breakout confirmed but stretched; wait for consolidation or retest
JLHL,JLHL.NS,JUPITER LIFE LINE HOSP L,Health services,Strong buy,323.2,0.6235609334939367,2026-07-30,333.0,87.92,10.38,15.264799942957797,33.92300768283461,27.605304912732386,0.0,True,8.3,True,16.95,True,23.95,True,21.72,^NSEMDCP50,0.0185,0.016111,14.83,True,26.369797660516035,True,Bullish P&F breakout,"Adj Close if available, else Close",2.0% of latest close,6.66,3,"Watch, wait for price trigger",above 50 DMA; above 200 DMA; RS ratio above 50 DMA (14.8%); RSI stretched; P&F breakout,5.8,Breakout confirmed but stretched; wait for consolidation or retest
TFCILTD,TFCILTD.NS,Tourism Finance Corporation of India Limited,Finance,No rating,87.27,2.652460598697124,2026-07-30,99.86,78.27,4.06,30.467728528722017,29.503306730548708,56.2754275833768,-0.71,True,18.3,True,26.56,True,33.58,True,39.86,^NSEMDCP50,0.005548,0.004465,24.26,True,22.199366270690348,True,Bullish P&F breakout,"Adj Close if available, else Close",2.0% of latest close,2.0,3,"Watch, wait for price trigger",above 50 DMA; above 200 DMA; RS ratio above 50 DMA (24.3%); RSI stretched; P&F breakout,5.8,Breakout confirmed but stretched; wait for consolidation or retest
DIVISLAB,DIVISLAB.NS,Divi's Laboratories Limited,Health technology,Neutral,7248.5,0.7040512031012258,2026-07-30,7919.0,81.91,169.74,21.482783840639176,20.124713152194996,31.3021074822335,0.0,True,10.41,True,15.46,True,20.32,True,22.29,^NSEMDCP50,0.439942,0.38822,13.32,True,13.349722035970245,True,Bullish P&F breakout,"Adj Close if available, else Close",2.0% of latest close,158.38,3,"Watch, wait for price trigger",above 50 DMA; above 200 DMA; RS ratio above 50 DMA (13.3%); RSI stretched; P&F breakout,5.8,Breakout confirmed but stretched; wait for consolidation or retest
PGINVIT,PGINVIT.NS,Powergrid Infrastructure Invesment Trust,Utilities,No rating,100.26,0.9474548807201446,2026-07-29,101.67,97.59,0.78,8.401745576818097,12.6841347035618,18.346790164725245,0.0,True,4.05,True,6.99,True,10.27,True,13.31,^NSEMDCP50,0.005621,0.005384,4.41,True,5.175892252831926,True,Bullish P&F breakout,"Adj Close if available, else Close",2.0% of latest close,2.03,3,"Watch, wait for price trigger",above 50 DMA; above 200 DMA; RS ratio above 50 DMA (4.4%); RSI stretched; P&F breakout,5.8,Breakout confirmed but stretched; wait for consolidation or retest
TORNTPHARM,TORNTPHARM.NS,Torrent Pharmaceuticals Ltd,Health technology,Buy,4961.5,0.2237117625190624,2026-07-30,4879.0,52.6,128.31,5.1327401598298295,14.9794440220123,24.33922104069879,-3.68,False,-1.02,True,4.61,True,9.49,True,17.45,^NSEMDCP50,0.271054,0.263977,2.68,True,8.49464425553428,True,"Rising P&F column, no fresh breakout yet","Adj Close if available, else Close",2.0% of latest close,97.58,3,Strong watchlist candidate,above 50 DMA; above 200 DMA; RS ratio above 50 DMA (2.7%); RSI in constructive zone,5.75,Relative-strength leader; look for clean price trigger
DIACABS,DIACABS.NS,Diamond Power Infrastructure Limited,Producer manufacturing,Strong buy,295.15,1.8061033805624125,2026-07-30,320.58,76.24,17.34,53.58596901938684,93.09720414544212,153.64347505370878,-5.0,True,25.55,True,43.73,True,71.42,True,96.4,^NSEMDCP50,0.01781,0.01261,41.23,True,82.20659047966204,True,Bullish P&F breakout,"Adj Close if available, else Close",2.0% of latest close,6.41,3,"Watch, wait for price trigger",above 50 DMA; above 200 DMA; RS ratio above 50 DMA (41.2%); RSI stretched; P&F breakout,5.5,Breakout confirmed but stretched; wait for consolidation or retest
KABRAEXTRU,KABRAEXTRU.NS,Kabra ExtrusionTechnik Ltd.,Producer manufacturing,No rating,376.8,1.4221705686463395,2026-07-30,373.2,66.23,19.42,40.830193285672166,51.85547711128815,85.67164786419465,-7.81,True,11.45,True,34.41,True,47.47,True,53.86,^NSEMDCP50,0.020733,0.015688,32.16,True,43.29088218838031,True,"Falling P&F column, wait for reversal","Adj Close if available, else Close",2.0% of latest close,7.46,3,Strong watchlist candidate,above 50 DMA; above 200 DMA; RS ratio above 50 DMA (32.2%); RSI in constructive zone,5.5,Relative-strength leader; look for clean price trigger
OMNI,OMNI.NS,Omnitech Engineering Limited,Producer manufacturing,No rating,612.0,1.7398891809579728,2026-07-30,584.45,59.36,27.8,2.5980842901203838,53.01740896142122,,-5.68,True,4.66,True,13.15,True,37.9,,,^NSEMDCP50,0.032469,0.029229,11.09,True,44.387281495244494,True,"Falling P&F column, wait for reversal","Adj Close if available, else Close",2.0% of latest close,11.69,3,"Watch, wait for price trigger",above 50 DMA; RS ratio above 50 DMA (11.1%); RSI in constructive zone,5.0,Needs manual chart review
HUHTAMAKI,HUHTAMAKI.NS,Huhtamaki India Limited,Process industries,Strong buy,318.68,1.315017851358968,2026-07-30,298.38,74.94,17.27,42.49284316135886,66.51598907164504,59.443107052222665,-6.37,True,18.77,True,43.51,True,57.38,True,50.06,^NSEMDCP50,0.016577,0.011746,41.12,True,57.124546486134406,True,"Falling P&F column, wait for reversal","Adj Close if available, else Close",2.0% of latest close,5.97,3,"Watch, wait for price trigger",above 50 DMA; above 200 DMA; RS ratio above 50 DMA (41.1%),4.9,Relative-strength leader; look for clean price trigger
MPSLTD,MPSLTD.NS,MPS Limited,Consumer services,No rating,2769.7,1.640586105867556,2026-07-30,2680.8,76.16,115.66,41.35513044176773,64.36542298149142,48.18418467779031,-3.21,True,19.4,True,34.61,True,47.8,True,41.68,^NSEMDCP50,0.148933,0.112645,32.21,True,55.09527155891731,True,"Falling P&F column, wait for reversal","Adj Close if available, else Close",2.0% of latest close,53.62,3,"Watch, wait for price trigger",above 50 DMA; above 200 DMA; RS ratio above 50 DMA (32.2%); RSI stretched,4.5,Relative-strength leader; look for clean price trigger
GOODYEAR,GOODYEAR.NS,Goodyear India Limited,Consumer durables,No rating,822.85,0.6037862985025412,2026-07-30,829.35,68.82,18.71,9.731408968098032,5.7776912822209425,,-34.89,True,2.81,True,7.7,,,,,^NSEMDCP50,0.046075,0.043583,5.72,True,-0.18813290104967573,False,"Rising P&F column, no fresh breakout yet","Adj Close if available, else Close",2.0% of latest close,16.59,3,"Watch, wait for price trigger",above 50 DMA; RS ratio above 50 DMA (5.7%); RSI in constructive zone,4.25,Needs manual chart review
INDIGRID,INDIGRID.NS,IndiGrid Infrastructure Trust,Finance,No rating,179.27,1.346968901647878,2026-07-29,178.32,55.68,1.72,0.854029628683528,6.136412369875632,13.889729168388376,-0.71,False,-0.16,True,1.9,True,4.67,True,8.12,^NSEMDCP50,0.009859,0.009914,-0.56,False,-0.9355496150130982,False,"Rising P&F column, no fresh breakout yet","Adj Close if available, else Close",2.0% of latest close,3.57,3,"Watch, wait for price trigger",above 50 DMA; above 200 DMA; RSI in constructive zone,3.75,Near highs with trend support; needs breakout trigger
ELPROINTL,ELPROINTL.NS,Elpro International Ltd,Electronic technology,No rating,176.52,2.426254216608053,2026-07-30,176.85,72.52,2.65,2.533633165714888,47.117550495314056,,-0.58,True,1.11,True,3.13,,,,,^NSEMDCP50,0.009825,0.009709,1.2,True,38.82017294916602,True,Insufficient P&F structure,"Adj Close if available, else Close",2.0% of latest close,3.54,3,"Watch, wait for price trigger",above 50 DMA; RS ratio above 50 DMA (1.2%),3.65,Near highs with trend support; needs breakout trigger
KISSHT,KISSHT.NS,Onemi Technology Solutions Limited,Finance,Strong buy,340.15,0.745192665760721,2026-07-30,324.5,54.54,16.33,16.183320509321252,,,-6.2,False,-0.39,True,10.37,,,,,^NSEMDCP50,0.018028,0.01663,8.41,True,,False,"Falling P&F column, wait for reversal","Adj Close if available, else Close",2.0% of latest close,6.49,3,"Watch, wait for price trigger",above 50 DMA; RS ratio above 50 DMA (8.4%); RSI in constructive zone,3.5,Needs manual chart review
LASERPOWER,LASERPOWER.NS,Laser Power & Infra Limited,Producer manufacturing,No rating,307.52,,2026-07-30,297.82,86.01,21.49,,,,-3.15,,,,,,,,,,,,,,,,"Rising P&F column, no fresh breakout yet","Adj Close if available, else Close",2.0% of latest close,5.96,3,Low priority / avoid until structure improves,RSI stretched,-0.7,Near highs but short trend weak; wait
