symbol,name,ticker,sector,source_index
360ONE,360 ONE WAM Ltd.,360ONE.NS,Financial Services,NIFTY 500
3MINDIA,3M India Ltd.,3MINDIA.NS,Diversified,NIFTY 500
AADHARHFC,Aadhar Housing Finance Ltd.,AADHARHFC.NS,Financial Services,NIFTY 500
AARTIIND,Aarti Industries Ltd.,AARTIIND.NS,Chemicals,NIFTY 500
AAVAS,Aavas Financiers Ltd.,AAVAS.NS,Financial Services,NIFTY 500
ABB,ABB India Ltd.,ABB.NS,Capital Goods,NIFTY 500
ABBOTINDIA,Abbott India Ltd.,ABBOTINDIA.NS,Healthcare,NIFTY 500
ABCAPITAL,Aditya Birla Capital Ltd.,ABCAPITAL.NS,Financial Services,NIFTY 500
ABDL,Allied Blenders and Distillers Ltd.,ABDL.NS,Fast Moving Consumer Goods,NIFTY 500
ABFRL,Aditya Birla Fashion and Retail Ltd.,ABFRL.NS,Consumer Services,NIFTY 500
ABLBL,Aditya Birla Lifestyle Brands Ltd.,ABLBL.NS,Consumer Services,NIFTY 500
ABREL,Aditya Birla Real Estate Ltd.,ABREL.NS,Realty,NIFTY 500
ABSLAMC,Aditya Birla Sun Life AMC Ltd.,ABSLAMC.NS,Financial Services,NIFTY 500
ACC,ACC Ltd.,ACC.NS,Construction Materials,NIFTY 500
ACE,Action Construction Equipment Ltd.,ACE.NS,Capital Goods,NIFTY 500
ACMESOLAR,ACME Solar Holdings Ltd.,ACMESOLAR.NS,Power,NIFTY 500
ACUTAAS,Acutaas Chemicals Ltd.,ACUTAAS.NS,Healthcare,NIFTY 500
ADANIENSOL,Adani Energy Solutions Ltd.,ADANIENSOL.NS,Power,NIFTY 500
ADANIENT,Adani Enterprises Ltd.,ADANIENT.NS,Metals & Mining,NIFTY 500
ADANIGREEN,Adani Green Energy Ltd.,ADANIGREEN.NS,Power,NIFTY 500
ADANIPORTS,Adani Ports and Special Economic Zone Ltd.,ADANIPORTS.NS,Services,NIFTY 500
ADANIPOWER,Adani Power Ltd.,ADANIPOWER.NS,Power,NIFTY 500
AEGISLOG,Aegis Logistics Ltd.,AEGISLOG.NS,Oil Gas & Consumable Fuels,NIFTY 500
AEGISVOPAK,Aegis Vopak Terminals Ltd.,AEGISVOPAK.NS,Oil Gas & Consumable Fuels,NIFTY 500
AFCONS,Afcons Infrastructure Ltd.,AFCONS.NS,Construction,NIFTY 500
AFFLE,Affle 3i Ltd.,AFFLE.NS,Information Technology,NIFTY 500
AIAENG,AIA Engineering Ltd.,AIAENG.NS,Capital Goods,NIFTY 500
AIIL,Authum Investment & Infrastructure Ltd.,AIIL.NS,Financial Services,NIFTY 500
AJANTPHARM,Ajanta Pharmaceuticals Ltd.,AJANTPHARM.NS,Healthcare,NIFTY 500
ALKEM,Alkem Laboratories Ltd.,ALKEM.NS,Healthcare,NIFTY 500
AMBER,Amber Enterprises India Ltd.,AMBER.NS,Consumer Durables,NIFTY 500
AMBUJACEM,Ambuja Cements Ltd.,AMBUJACEM.NS,Construction Materials,NIFTY 500
ANANDRATHI,Anand Rathi Wealth Ltd.,ANANDRATHI.NS,Financial Services,NIFTY 500
ANANTRAJ,Anant Raj Ltd.,ANANTRAJ.NS,Realty,NIFTY 500
ANGELONE,Angel One Ltd.,ANGELONE.NS,Financial Services,NIFTY 500
ANTHEM,Anthem Biosciences Ltd.,ANTHEM.NS,Healthcare,NIFTY 500
ANURAS,Anupam Rasayan India Ltd.,ANURAS.NS,Chemicals,NIFTY 500
APARINDS,Apar Industries Ltd.,APARINDS.NS,Capital Goods,NIFTY 500
APLAPOLLO,APL Apollo Tubes Ltd.,APLAPOLLO.NS,Capital Goods,NIFTY 500
APOLLOHOSP,Apollo Hospitals Enterprise Ltd.,APOLLOHOSP.NS,Healthcare,NIFTY 500
APOLLOTYRE,Apollo Tyres Ltd.,APOLLOTYRE.NS,Automobile and Auto Components,NIFTY 500
APTUS,Aptus Value Housing Finance India Ltd.,APTUS.NS,Financial Services,NIFTY 500
ARE&M,Amara Raja Energy & Mobility Ltd.,ARE&M.NS,Automobile and Auto Components,NIFTY 500
ASAHIINDIA,Asahi India Glass Ltd.,ASAHIINDIA.NS,Automobile and Auto Components,NIFTY 500
ASHOKLEY,Ashok Leyland Ltd.,ASHOKLEY.NS,Capital Goods,NIFTY 500
ASIANPAINT,Asian Paints Ltd.,ASIANPAINT.NS,Consumer Durables,NIFTY 500
ASTERDM,Aster DM Quality Care Ltd.,ASTERDM.NS,Healthcare,NIFTY 500
ASTRAL,Astral Ltd.,ASTRAL.NS,Capital Goods,NIFTY 500
ATGL,Adani Total Gas Ltd.,ATGL.NS,Oil Gas & Consumable Fuels,NIFTY 500
ATHERENERG,Ather Energy Ltd.,ATHERENERG.NS,Automobile and Auto Components,NIFTY 500
ATUL,Atul Ltd.,ATUL.NS,Chemicals,NIFTY 500
AUBANK,AU Small Finance Bank Ltd.,AUBANK.NS,Financial Services,NIFTY 500
AUROPHARMA,Aurobindo Pharma Ltd.,AUROPHARMA.NS,Healthcare,NIFTY 500
AWL,AWL Agri Business Ltd.,AWL.NS,Fast Moving Consumer Goods,NIFTY 500
AXISBANK,Axis Bank Ltd.,AXISBANK.NS,Financial Services,NIFTY 500
BAJAJ-AUTO,Bajaj Auto Ltd.,BAJAJ-AUTO.NS,Automobile and Auto Components,NIFTY 500
BAJAJFINSV,Bajaj Finserv Ltd.,BAJAJFINSV.NS,Financial Services,NIFTY 500
BAJAJHFL,Bajaj Housing Finance Ltd.,BAJAJHFL.NS,Financial Services,NIFTY 500
BAJAJHLDNG,Bajaj Holdings & Investment Ltd.,BAJAJHLDNG.NS,Financial Services,NIFTY 500
BAJFINANCE,Bajaj Finance Ltd.,BAJFINANCE.NS,Financial Services,NIFTY 500
BALKRISIND,Balkrishna Industries Ltd.,BALKRISIND.NS,Automobile and Auto Components,NIFTY 500
BALRAMCHIN,Balrampur Chini Mills Ltd.,BALRAMCHIN.NS,Fast Moving Consumer Goods,NIFTY 500
BANDHANBNK,Bandhan Bank Ltd.,BANDHANBNK.NS,Financial Services,NIFTY 500
BANKBARODA,Bank of Baroda,BANKBARODA.NS,Financial Services,NIFTY 500
BANKINDIA,Bank of India,BANKINDIA.NS,Financial Services,NIFTY 500
BATAINDIA,Bata India Ltd.,BATAINDIA.NS,Consumer Durables,NIFTY 500
BAYERCROP,Bayer Cropscience Ltd.,BAYERCROP.NS,Chemicals,NIFTY 500
BBTC,Bombay Burmah Trading Corporation Ltd.,BBTC.NS,Fast Moving Consumer Goods,NIFTY 500
BDL,Bharat Dynamics Ltd.,BDL.NS,Capital Goods,NIFTY 500
BEL,Bharat Electronics Ltd.,BEL.NS,Capital Goods,NIFTY 500
BELRISE,Belrise Industries Ltd.,BELRISE.NS,Automobile and Auto Components,NIFTY 500
BEML,BEML Ltd.,BEML.NS,Capital Goods,NIFTY 500
BERGEPAINT,Berger Paints India Ltd.,BERGEPAINT.NS,Consumer Durables,NIFTY 500
BHARATFORG,Bharat Forge Ltd.,BHARATFORG.NS,Automobile and Auto Components,NIFTY 500
BHARTIARTL,Bharti Airtel Ltd.,BHARTIARTL.NS,Telecommunication,NIFTY 500
BHARTIHEXA,Bharti Hexacom Ltd.,BHARTIHEXA.NS,Telecommunication,NIFTY 500
BHEL,Bharat Heavy Electricals Ltd.,BHEL.NS,Capital Goods,NIFTY 500
BIKAJI,Bikaji Foods International Ltd.,BIKAJI.NS,Fast Moving Consumer Goods,NIFTY 500
BIOCON,Biocon Ltd.,BIOCON.NS,Healthcare,NIFTY 500
BLS,BLS International Services Ltd.,BLS.NS,Consumer Services,NIFTY 500
BLUEDART,Blue Dart Express Ltd.,BLUEDART.NS,Services,NIFTY 500
BLUEJET,Blue Jet Healthcare Ltd.,BLUEJET.NS,Healthcare,NIFTY 500
BLUESTARCO,Blue Star Ltd.,BLUESTARCO.NS,Consumer Durables,NIFTY 500
BOSCHLTD,Bosch Ltd.,BOSCHLTD.NS,Automobile and Auto Components,NIFTY 500
BPCL,Bharat Petroleum Corporation Ltd.,BPCL.NS,Oil Gas & Consumable Fuels,NIFTY 500
BRIGADE,Brigade Enterprises Ltd.,BRIGADE.NS,Realty,NIFTY 500
BRITANNIA,Britannia Industries Ltd.,BRITANNIA.NS,Fast Moving Consumer Goods,NIFTY 500
BSE,BSE Ltd.,BSE.NS,Financial Services,NIFTY 500
BSOFT,Birlasoft Ltd.,BSOFT.NS,Information Technology,NIFTY 500
CAMS,Computer Age Management Services Ltd.,CAMS.NS,Financial Services,NIFTY 500
CANBK,Canara Bank,CANBK.NS,Financial Services,NIFTY 500
CANFINHOME,Can Fin Homes Ltd.,CANFINHOME.NS,Financial Services,NIFTY 500
CANHLIFE,Canara HSBC Life Insurance Company Ltd.,CANHLIFE.NS,Financial Services,NIFTY 500
CAPLIPOINT,Caplin Point Laboratories Ltd.,CAPLIPOINT.NS,Healthcare,NIFTY 500
CARBORUNIV,Carborundum Universal Ltd.,CARBORUNIV.NS,Capital Goods,NIFTY 500
CARTRADE,Cartrade Tech Ltd.,CARTRADE.NS,Consumer Services,NIFTY 500
CASTROLIND,Castrol India Ltd.,CASTROLIND.NS,Oil Gas & Consumable Fuels,NIFTY 500
CCL,CCL Products (I) Ltd.,CCL.NS,Fast Moving Consumer Goods,NIFTY 500
CDSL,Central Depository Services (India) Ltd.,CDSL.NS,Financial Services,NIFTY 500
CEATLTD,Ceat Ltd.,CEATLTD.NS,Automobile and Auto Components,NIFTY 500
CEMPRO,Cemindia Projects Ltd.,CEMPRO.NS,Construction,NIFTY 500
CENTRALBK,Central Bank of India,CENTRALBK.NS,Financial Services,NIFTY 500
CESC,CESC Ltd.,CESC.NS,Power,NIFTY 500
CGCL,Capri Global Capital Ltd.,CGCL.NS,Financial Services,NIFTY 500
CGPOWER,CG Power and Industrial Solutions Ltd.,CGPOWER.NS,Capital Goods,NIFTY 500
CHALET,Chalet Hotels Ltd.,CHALET.NS,Consumer Services,NIFTY 500
CHAMBLFERT,Chambal Fertilizers & Chemicals Ltd.,CHAMBLFERT.NS,Chemicals,NIFTY 500
CHENNPETRO,Chennai Petroleum Corporation Ltd.,CHENNPETRO.NS,Oil Gas & Consumable Fuels,NIFTY 500
CHOICEIN,Choice International Ltd.,CHOICEIN.NS,Financial Services,NIFTY 500
CHOLAFIN,Cholamandalam Investment and Finance Company Ltd.,CHOLAFIN.NS,Financial Services,NIFTY 500
CHOLAHLDNG,Cholamandalam Financial Holdings Ltd.,CHOLAHLDNG.NS,Financial Services,NIFTY 500
CIEINDIA,CIE Automotive India Ltd.,CIEINDIA.NS,Automobile and Auto Components,NIFTY 500
CIPLA,Cipla Ltd.,CIPLA.NS,Healthcare,NIFTY 500
CLEAN,Clean Science and Technology Ltd.,CLEAN.NS,Chemicals,NIFTY 500
COALINDIA,Coal India Ltd.,COALINDIA.NS,Oil Gas & Consumable Fuels,NIFTY 500
COCHINSHIP,Cochin Shipyard Ltd.,COCHINSHIP.NS,Capital Goods,NIFTY 500
COFORGE,Coforge Ltd.,COFORGE.NS,Information Technology,NIFTY 500
COHANCE,Cohance Lifesciences Ltd.,COHANCE.NS,Healthcare,NIFTY 500
COLPAL,Colgate Palmolive (India) Ltd.,COLPAL.NS,Fast Moving Consumer Goods,NIFTY 500
CONCOR,Container Corporation of India Ltd.,CONCOR.NS,Services,NIFTY 500
CONCORDBIO,Concord Biotech Ltd.,CONCORDBIO.NS,Healthcare,NIFTY 500
COROMANDEL,Coromandel International Ltd.,COROMANDEL.NS,Chemicals,NIFTY 500
CPPLUS,Aditya Infotech Ltd.,CPPLUS.NS,Capital Goods,NIFTY 500
CRAFTSMAN,Craftsman Automation Ltd.,CRAFTSMAN.NS,Automobile and Auto Components,NIFTY 500
CREDITACC,CreditAccess Grameen Ltd.,CREDITACC.NS,Financial Services,NIFTY 500
CRISIL,CRISIL Ltd.,CRISIL.NS,Financial Services,NIFTY 500
CROMPTON,Crompton Greaves Consumer Electricals Ltd.,CROMPTON.NS,Consumer Durables,NIFTY 500
CUB,City Union Bank Ltd.,CUB.NS,Financial Services,NIFTY 500
CUMMINSIND,Cummins India Ltd.,CUMMINSIND.NS,Capital Goods,NIFTY 500
CYIENT,Cyient Ltd.,CYIENT.NS,Information Technology,NIFTY 500
DABUR,Dabur India Ltd.,DABUR.NS,Fast Moving Consumer Goods,NIFTY 500
DALBHARAT,Dalmia Bharat Ltd.,DALBHARAT.NS,Construction Materials,NIFTY 500
DATAPATTNS,Data Patterns (India) Ltd.,DATAPATTNS.NS,Capital Goods,NIFTY 500
DCMSHRIRAM,DCM Shriram Ltd.,DCMSHRIRAM.NS,Diversified,NIFTY 500
DEEPAKFERT,Deepak Fertilisers & Petrochemicals Corp. Ltd.,DEEPAKFERT.NS,Chemicals,NIFTY 500
DEEPAKNTR,Deepak Nitrite Ltd.,DEEPAKNTR.NS,Chemicals,NIFTY 500
DELHIVERY,Delhivery Ltd.,DELHIVERY.NS,Services,NIFTY 500
DEVYANI,Devyani International Ltd.,DEVYANI.NS,Consumer Services,NIFTY 500
DIVISLAB,Divi's Laboratories Ltd.,DIVISLAB.NS,Healthcare,NIFTY 500
DIXON,Dixon Technologies (India) Ltd.,DIXON.NS,Consumer Durables,NIFTY 500
DLF,DLF Ltd.,DLF.NS,Realty,NIFTY 500
DMART,Avenue Supermarts Ltd.,DMART.NS,Consumer Services,NIFTY 500
DOMS,DOMS Industries Ltd.,DOMS.NS,Fast Moving Consumer Goods,NIFTY 500
DRREDDY,Dr. Reddy's Laboratories Ltd.,DRREDDY.NS,Healthcare,NIFTY 500
ECLERX,eClerx Services Ltd.,ECLERX.NS,Services,NIFTY 500
EICHERMOT,Eicher Motors Ltd.,EICHERMOT.NS,Automobile and Auto Components,NIFTY 500
EIDPARRY,E.I.D. Parry (India) Ltd.,EIDPARRY.NS,Fast Moving Consumer Goods,NIFTY 500
EIHOTEL,EIH Ltd.,EIHOTEL.NS,Consumer Services,NIFTY 500
ELECON,Elecon Engineering Co. Ltd.,ELECON.NS,Capital Goods,NIFTY 500
ELGIEQUIP,Elgi Equipments Ltd.,ELGIEQUIP.NS,Capital Goods,NIFTY 500
EMAMILTD,Emami Ltd.,EMAMILTD.NS,Fast Moving Consumer Goods,NIFTY 500
EMCURE,Emcure Pharmaceuticals Ltd.,EMCURE.NS,Healthcare,NIFTY 500
EMMVEE,Emmvee Photovoltaic Power Ltd.,EMMVEE.NS,Capital Goods,NIFTY 500
ENDURANCE,Endurance Technologies Ltd.,ENDURANCE.NS,Automobile and Auto Components,NIFTY 500
ENGINERSIN,Engineers India Ltd.,ENGINERSIN.NS,Construction,NIFTY 500
ENRIN,Siemens Energy India Ltd.,ENRIN.NS,Capital Goods,NIFTY 500
ERIS,Eris Lifesciences Ltd.,ERIS.NS,Healthcare,NIFTY 500
ESCORTS,Escorts Kubota Ltd.,ESCORTS.NS,Capital Goods,NIFTY 500
ETERNAL,Eternal Ltd.,ETERNAL.NS,Consumer Services,NIFTY 500
EXIDEIND,Exide Industries Ltd.,EXIDEIND.NS,Automobile and Auto Components,NIFTY 500
FACT,Fertilisers and Chemicals Travancore Ltd.,FACT.NS,Chemicals,NIFTY 500
FEDERALBNK,Federal Bank Ltd.,FEDERALBNK.NS,Financial Services,NIFTY 500
FINCABLES,Finolex Cables Ltd.,FINCABLES.NS,Capital Goods,NIFTY 500
FIRSTCRY,Brainbees Solutions Ltd.,FIRSTCRY.NS,Consumer Services,NIFTY 500
FIVESTAR,Five-Star Business Finance Ltd.,FIVESTAR.NS,Financial Services,NIFTY 500
FLUOROCHEM,Gujarat Fluorochemicals Ltd.,FLUOROCHEM.NS,Chemicals,NIFTY 500
FORCEMOT,Force Motors Ltd.,FORCEMOT.NS,Automobile and Auto Components,NIFTY 500
FORTIS,Fortis Healthcare Ltd.,FORTIS.NS,Healthcare,NIFTY 500
FSL,Firstsource Solutions Ltd.,FSL.NS,Services,NIFTY 500
GABRIEL,Gabriel India Ltd.,GABRIEL.NS,Automobile and Auto Components,NIFTY 500
GAIL,GAIL (India) Ltd.,GAIL.NS,Oil Gas & Consumable Fuels,NIFTY 500
GALLANTT,Gallantt Ispat Ltd.,GALLANTT.NS,Capital Goods,NIFTY 500
GESHIP,Great Eastern Shipping Co. Ltd.,GESHIP.NS,Services,NIFTY 500
GICRE,General Insurance Corporation of India,GICRE.NS,Financial Services,NIFTY 500
GILLETTE,Gillette India Ltd.,GILLETTE.NS,Fast Moving Consumer Goods,NIFTY 500
GLAND,Gland Pharma Ltd.,GLAND.NS,Healthcare,NIFTY 500
GLAXO,Glaxosmithkline Pharmaceuticals Ltd.,GLAXO.NS,Healthcare,NIFTY 500
GLENMARK,Glenmark Pharmaceuticals Ltd.,GLENMARK.NS,Healthcare,NIFTY 500
GMDCLTD,Gujarat Mineral Development Corporation Ltd.,GMDCLTD.NS,Metals & Mining,NIFTY 500
GMRAIRPORT,GMR Airports Ltd.,GMRAIRPORT.NS,Services,NIFTY 500
GODFRYPHLP,Godfrey Phillips India Ltd.,GODFRYPHLP.NS,Fast Moving Consumer Goods,NIFTY 500
GODIGIT,Go Digit General Insurance Ltd.,GODIGIT.NS,Financial Services,NIFTY 500
GODREJCP,Godrej Consumer Products Ltd.,GODREJCP.NS,Fast Moving Consumer Goods,NIFTY 500
GODREJIND,Godrej Industries Ltd.,GODREJIND.NS,Diversified,NIFTY 500
GODREJPROP,Godrej Properties Ltd.,GODREJPROP.NS,Realty,NIFTY 500
GPIL,Godawari Power & Ispat Ltd.,GPIL.NS,Capital Goods,NIFTY 500
GRANULES,Granules India Ltd.,GRANULES.NS,Healthcare,NIFTY 500
GRAPHITE,Graphite India Ltd.,GRAPHITE.NS,Capital Goods,NIFTY 500
GRASIM,Grasim Industries Ltd.,GRASIM.NS,Construction Materials,NIFTY 500
GRAVITA,Gravita India Ltd.,GRAVITA.NS,Metals & Mining,NIFTY 500
GROWW,Billionbrains Garage Ventures Ltd.,GROWW.NS,Financial Services,NIFTY 500
GRSE,Garden Reach Shipbuilders & Engineers Ltd.,GRSE.NS,Capital Goods,NIFTY 500
GVT&D,GE Vernova T&D India Ltd.,GVT&D.NS,Capital Goods,NIFTY 500
HAL,Hindustan Aeronautics Ltd.,HAL.NS,Capital Goods,NIFTY 500
HAVELLS,Havells India Ltd.,HAVELLS.NS,Consumer Durables,NIFTY 500
HBLENGINE,HBL Engineering Ltd.,HBLENGINE.NS,Capital Goods,NIFTY 500
HCLTECH,HCL Technologies Ltd.,HCLTECH.NS,Information Technology,NIFTY 500
HDBFS,HDB Financial Services Ltd.,HDBFS.NS,Financial Services,NIFTY 500
HDFCAMC,HDFC Asset Management Company Ltd.,HDFCAMC.NS,Financial Services,NIFTY 500
HDFCBANK,HDFC Bank Ltd.,HDFCBANK.NS,Financial Services,NIFTY 500
HDFCLIFE,HDFC Life Insurance Company Ltd.,HDFCLIFE.NS,Financial Services,NIFTY 500
HEG,H.E.G. Ltd.,HEG.NS,Capital Goods,NIFTY 500
HEROMOTOCO,Hero MotoCorp Ltd.,HEROMOTOCO.NS,Automobile and Auto Components,NIFTY 500
HEXT,Hexaware Technologies Ltd.,HEXT.NS,Information Technology,NIFTY 500
HFCL,HFCL Ltd.,HFCL.NS,Telecommunication,NIFTY 500
HINDALCO,Hindalco Industries Ltd.,HINDALCO.NS,Metals & Mining,NIFTY 500
HINDCOPPER,Hindustan Copper Ltd.,HINDCOPPER.NS,Metals & Mining,NIFTY 500
HINDPETRO,Hindustan Petroleum Corporation Ltd.,HINDPETRO.NS,Oil Gas & Consumable Fuels,NIFTY 500
HINDUNILVR,Hindustan Unilever Ltd.,HINDUNILVR.NS,Fast Moving Consumer Goods,NIFTY 500
HINDZINC,Hindustan Zinc Ltd.,HINDZINC.NS,Metals & Mining,NIFTY 500
HOMEFIRST,Home First Finance Company India Ltd.,HOMEFIRST.NS,Financial Services,NIFTY 500
HONASA,Honasa Consumer Ltd.,HONASA.NS,Fast Moving Consumer Goods,NIFTY 500
HONAUT,Honeywell Automation India Ltd.,HONAUT.NS,Capital Goods,NIFTY 500
HSCL,Himadri Speciality Chemical Ltd.,HSCL.NS,Chemicals,NIFTY 500
HUDCO,Housing & Urban Development Corporation Ltd.,HUDCO.NS,Financial Services,NIFTY 500
HYUNDAI,Hyundai Motor India Ltd.,HYUNDAI.NS,Automobile and Auto Components,NIFTY 500
ICICIAMC,ICICI Prudential Asset Management Company Ltd.,ICICIAMC.NS,Financial Services,NIFTY 500
ICICIBANK,ICICI Bank Ltd.,ICICIBANK.NS,Financial Services,NIFTY 500
ICICIGI,ICICI Lombard General Insurance Company Ltd.,ICICIGI.NS,Financial Services,NIFTY 500
ICICIPRULI,ICICI Prudential Life Insurance Company Ltd.,ICICIPRULI.NS,Financial Services,NIFTY 500
IDBI,IDBI Bank Ltd.,IDBI.NS,Financial Services,NIFTY 500
IDEA,Vodafone Idea Ltd.,IDEA.NS,Telecommunication,NIFTY 500
IDFCFIRSTB,IDFC First Bank Ltd.,IDFCFIRSTB.NS,Financial Services,NIFTY 500
IEX,Indian Energy Exchange Ltd.,IEX.NS,Financial Services,NIFTY 500
IFCI,IFCI Ltd.,IFCI.NS,Financial Services,NIFTY 500
IGIL,International Gemological Institute Ltd.,IGIL.NS,Services,NIFTY 500
IGL,Indraprastha Gas Ltd.,IGL.NS,Oil Gas & Consumable Fuels,NIFTY 500
IIFL,IIFL Finance Ltd.,IIFL.NS,Financial Services,NIFTY 500
IKS,Inventurus Knowledge Solutions Ltd.,IKS.NS,Information Technology,NIFTY 500
INDGN,Indegene Ltd.,INDGN.NS,Healthcare,NIFTY 500
INDHOTEL,Indian Hotels Co. Ltd.,INDHOTEL.NS,Consumer Services,NIFTY 500
INDIACEM,India Cements Ltd.,INDIACEM.NS,Construction Materials,NIFTY 500
INDIAMART,Indiamart Intermesh Ltd.,INDIAMART.NS,Consumer Services,NIFTY 500
INDIANB,Indian Bank,INDIANB.NS,Financial Services,NIFTY 500
INDIGO,InterGlobe Aviation Ltd.,INDIGO.NS,Services,NIFTY 500
INDUSINDBK,IndusInd Bank Ltd.,INDUSINDBK.NS,Financial Services,NIFTY 500
INDUSTOWER,Indus Towers Ltd.,INDUSTOWER.NS,Telecommunication,NIFTY 500
INFY,Infosys Ltd.,INFY.NS,Information Technology,NIFTY 500
INOXWIND,Inox Wind Ltd.,INOXWIND.NS,Capital Goods,NIFTY 500
INTELLECT,Intellect Design Arena Ltd.,INTELLECT.NS,Information Technology,NIFTY 500
IOB,Indian Overseas Bank,IOB.NS,Financial Services,NIFTY 500
IOC,Indian Oil Corporation Ltd.,IOC.NS,Oil Gas & Consumable Fuels,NIFTY 500
IPCALAB,Ipca Laboratories Ltd.,IPCALAB.NS,Healthcare,NIFTY 500
IRB,IRB Infrastructure Developers Ltd.,IRB.NS,Construction,NIFTY 500
IRCON,IRCON International Ltd.,IRCON.NS,Construction,NIFTY 500
IRCTC,Indian Railway Catering And Tourism Corporation Ltd.,IRCTC.NS,Consumer Services,NIFTY 500
IREDA,Indian Renewable Energy Development Agency Ltd.,IREDA.NS,Financial Services,NIFTY 500
IRFC,Indian Railway Finance Corporation Ltd.,IRFC.NS,Financial Services,NIFTY 500
ITC,ITC Ltd.,ITC.NS,Fast Moving Consumer Goods,NIFTY 500
ITCHOTELS,ITC Hotels Ltd.,ITCHOTELS.NS,Consumer Services,NIFTY 500
ITI,ITI Ltd.,ITI.NS,Telecommunication,NIFTY 500
J&KBANK,Jammu & Kashmir Bank Ltd.,J&KBANK.NS,Financial Services,NIFTY 500
JAINREC,Jain Resource Recycling Ltd.,JAINREC.NS,Metals & Mining,NIFTY 500
JBMA,JBM Auto Ltd.,JBMA.NS,Automobile and Auto Components,NIFTY 500
JINDALSAW,Jindal Saw Ltd.,JINDALSAW.NS,Capital Goods,NIFTY 500
JINDALSTEL,Jindal Steel Ltd.,JINDALSTEL.NS,Metals & Mining,NIFTY 500
JIOFIN,Jio Financial Services Ltd.,JIOFIN.NS,Financial Services,NIFTY 500
JKCEMENT,J.K. Cement Ltd.,JKCEMENT.NS,Construction Materials,NIFTY 500
JKTYRE,JK Tyre & Industries Ltd.,JKTYRE.NS,Automobile and Auto Components,NIFTY 500
JMFINANCIL,JM Financial Ltd.,JMFINANCIL.NS,Financial Services,NIFTY 500
JPPOWER,Jaiprakash Power Ventures Ltd.,JPPOWER.NS,Power,NIFTY 500
JSL,Jindal Stainless Ltd.,JSL.NS,Metals & Mining,NIFTY 500
JSWCEMENT,JSW Cement Ltd.,JSWCEMENT.NS,Construction Materials,NIFTY 500
JSWDULUX,JSW Dulux Ltd.,JSWDULUX.NS,Consumer Durables,NIFTY 500
JSWENERGY,JSW Energy Ltd.,JSWENERGY.NS,Power,NIFTY 500
JSWINFRA,JSW Infrastructure Ltd.,JSWINFRA.NS,Services,NIFTY 500
JSWSTEEL,JSW Steel Ltd.,JSWSTEEL.NS,Metals & Mining,NIFTY 500
JUBLFOOD,Jubilant Foodworks Ltd.,JUBLFOOD.NS,Consumer Services,NIFTY 500
JUBLINGREA,Jubilant Ingrevia Ltd.,JUBLINGREA.NS,Chemicals,NIFTY 500
JUBLPHARMA,Jubilant Pharmova Ltd.,JUBLPHARMA.NS,Healthcare,NIFTY 500
JWL,Jupiter Wagons Ltd.,JWL.NS,Capital Goods,NIFTY 500
JYOTICNC,Jyoti CNC Automation Ltd.,JYOTICNC.NS,Capital Goods,NIFTY 500
KAJARIACER,Kajaria Ceramics Ltd.,KAJARIACER.NS,Consumer Durables,NIFTY 500
KALYANKJIL,Kalyan Jewellers India Ltd.,KALYANKJIL.NS,Consumer Durables,NIFTY 500
KARURVYSYA,Karur Vysya Bank Ltd.,KARURVYSYA.NS,Financial Services,NIFTY 500
KAYNES,Kaynes Technology India Ltd.,KAYNES.NS,Capital Goods,NIFTY 500
KEC,Kec International Ltd.,KEC.NS,Construction,NIFTY 500
KEI,KEI Industries Ltd.,KEI.NS,Capital Goods,NIFTY 500
KFINTECH,Kfin Technologies Ltd.,KFINTECH.NS,Financial Services,NIFTY 500
KIMS,Krishna Institute of Medical Sciences Ltd.,KIMS.NS,Healthcare,NIFTY 500
KIRLOSENG,Kirloskar Oil Eng Ltd.,KIRLOSENG.NS,Capital Goods,NIFTY 500
KOTAKBANK,Kotak Mahindra Bank Ltd.,KOTAKBANK.NS,Financial Services,NIFTY 500
KPIL,Kalpataru Projects International Ltd.,KPIL.NS,Construction,NIFTY 500
KPITTECH,KPIT Technologies Ltd.,KPITTECH.NS,Information Technology,NIFTY 500
KPRMILL,K.P.R. Mill Ltd.,KPRMILL.NS,Textiles,NIFTY 500
LALPATHLAB,Dr. Lal Path Labs Ltd.,LALPATHLAB.NS,Healthcare,NIFTY 500
LATENTVIEW,Latent View Analytics Ltd.,LATENTVIEW.NS,Information Technology,NIFTY 500
LAURUSLABS,Laurus Labs Ltd.,LAURUSLABS.NS,Healthcare,NIFTY 500
LEMONTREE,Lemon Tree Hotels Ltd.,LEMONTREE.NS,Consumer Services,NIFTY 500
LENSKART,Lenskart Solutions Ltd.,LENSKART.NS,Consumer Services,NIFTY 500
LGEINDIA,LG Electronics India Ltd.,LGEINDIA.NS,Consumer Durables,NIFTY 500
LICHSGFIN,LIC Housing Finance Ltd.,LICHSGFIN.NS,Financial Services,NIFTY 500
LICI,Life Insurance Corporation of India,LICI.NS,Financial Services,NIFTY 500
LINDEINDIA,Linde India Ltd.,LINDEINDIA.NS,Chemicals,NIFTY 500
LLOYDSME,Lloyds Metals And Energy Ltd.,LLOYDSME.NS,Metals & Mining,NIFTY 500
LODHA,Lodha Developers Ltd.,LODHA.NS,Realty,NIFTY 500
LT,Larsen & Toubro Ltd.,LT.NS,Construction,NIFTY 500
LTF,L&T Finance Ltd.,LTF.NS,Financial Services,NIFTY 500
LTFOODS,LT Foods Ltd.,LTFOODS.NS,Fast Moving Consumer Goods,NIFTY 500
LTM,LTM Ltd.,LTM.NS,Information Technology,NIFTY 500
LTTS,L&T Technology Services Ltd.,LTTS.NS,Information Technology,NIFTY 500
LUPIN,Lupin Ltd.,LUPIN.NS,Healthcare,NIFTY 500
M&M,Mahindra & Mahindra Ltd.,M&M.NS,Automobile and Auto Components,NIFTY 500
M&MFIN,Mahindra & Mahindra Financial Services Ltd.,M&MFIN.NS,Financial Services,NIFTY 500
MAHABANK,Bank of Maharashtra,MAHABANK.NS,Financial Services,NIFTY 500
MANAPPURAM,Manappuram Finance Ltd.,MANAPPURAM.NS,Financial Services,NIFTY 500
MANKIND,Mankind Pharma Ltd.,MANKIND.NS,Healthcare,NIFTY 500
MAPMYINDIA,C.E. Info Systems Ltd.,MAPMYINDIA.NS,Information Technology,NIFTY 500
MARICO,Marico Ltd.,MARICO.NS,Fast Moving Consumer Goods,NIFTY 500
MARUTI,Maruti Suzuki India Ltd.,MARUTI.NS,Automobile and Auto Components,NIFTY 500
MAXHEALTH,Max Healthcare Institute Ltd.,MAXHEALTH.NS,Healthcare,NIFTY 500
MAZDOCK,Mazagoan Dock Shipbuilders Ltd.,MAZDOCK.NS,Capital Goods,NIFTY 500
MCX,Multi Commodity Exchange of India Ltd.,MCX.NS,Financial Services,NIFTY 500
MEDANTA,Global Health Ltd.,MEDANTA.NS,Healthcare,NIFTY 500
MEESHO,Meesho Ltd.,MEESHO.NS,Consumer Services,NIFTY 500
MFSL,Max Financial Services Ltd.,MFSL.NS,Financial Services,NIFTY 500
MGL,Mahanagar Gas Ltd.,MGL.NS,Oil Gas & Consumable Fuels,NIFTY 500
MINDACORP,Minda Corporation Ltd.,MINDACORP.NS,Automobile and Auto Components,NIFTY 500
MMTC,MMTC Ltd.,MMTC.NS,Services,NIFTY 500
MOTHERSON,Samvardhana Motherson International Ltd.,MOTHERSON.NS,Automobile and Auto Components,NIFTY 500
MOTILALOFS,Motilal Oswal Financial Services Ltd.,MOTILALOFS.NS,Financial Services,NIFTY 500
MPHASIS,MphasiS Ltd.,MPHASIS.NS,Information Technology,NIFTY 500
MRF,MRF Ltd.,MRF.NS,Automobile and Auto Components,NIFTY 500
MRPL,Mangalore Refinery & Petrochemicals Ltd.,MRPL.NS,Oil Gas & Consumable Fuels,NIFTY 500
MSUMI,Motherson Sumi Wiring India Ltd.,MSUMI.NS,Automobile and Auto Components,NIFTY 500
MUTHOOTFIN,Muthoot Finance Ltd.,MUTHOOTFIN.NS,Financial Services,NIFTY 500
NAM-INDIA,Nippon Life India Asset Management Ltd.,NAM-INDIA.NS,Financial Services,NIFTY 500
NATCOPHARM,NATCO Pharma Ltd.,NATCOPHARM.NS,Healthcare,NIFTY 500
NATIONALUM,National Aluminium Co. Ltd.,NATIONALUM.NS,Metals & Mining,NIFTY 500
NAUKRI,Info Edge (India) Ltd.,NAUKRI.NS,Consumer Services,NIFTY 500
NAVA,Nava Ltd.,NAVA.NS,Power,NIFTY 500
NAVINFLUOR,Navin Fluorine International Ltd.,NAVINFLUOR.NS,Chemicals,NIFTY 500
NBCC,NBCC (India) Ltd.,NBCC.NS,Construction,NIFTY 500
NCC,NCC Ltd.,NCC.NS,Construction,NIFTY 500
NESTLEIND,Nestle India Ltd.,NESTLEIND.NS,Fast Moving Consumer Goods,NIFTY 500
NETWEB,Netweb Technologies India Ltd.,NETWEB.NS,Information Technology,NIFTY 500
NEULANDLAB,Neuland Laboratories Ltd.,NEULANDLAB.NS,Healthcare,NIFTY 500
NEWGEN,Newgen Software Technologies Ltd.,NEWGEN.NS,Information Technology,NIFTY 500
NH,Narayana Hrudayalaya Ltd.,NH.NS,Healthcare,NIFTY 500
NHPC,NHPC Ltd.,NHPC.NS,Power,NIFTY 500
NIACL,The New India Assurance Company Ltd.,NIACL.NS,Financial Services,NIFTY 500
NIVABUPA,Niva Bupa Health Insurance Company Ltd.,NIVABUPA.NS,Financial Services,NIFTY 500
NLCINDIA,NLC India Ltd.,NLCINDIA.NS,Power,NIFTY 500
NMDC,NMDC Ltd.,NMDC.NS,Metals & Mining,NIFTY 500
NSLNISP,NMDC Steel Ltd.,NSLNISP.NS,Metals & Mining,NIFTY 500
NTPC,NTPC Ltd.,NTPC.NS,Power,NIFTY 500
NTPCGREEN,NTPC Green Energy Ltd.,NTPCGREEN.NS,Power,NIFTY 500
NUVAMA,Nuvama Wealth Management Ltd.,NUVAMA.NS,Financial Services,NIFTY 500
NUVOCO,Nuvoco Vistas Corporation Ltd.,NUVOCO.NS,Construction Materials,NIFTY 500
NYKAA,FSN E-Commerce Ventures Ltd.,NYKAA.NS,Consumer Services,NIFTY 500
OBEROIRLTY,Oberoi Realty Ltd.,OBEROIRLTY.NS,Realty,NIFTY 500
OFSS,Oracle Financial Services Software Ltd.,OFSS.NS,Information Technology,NIFTY 500
OIL,Oil India Ltd.,OIL.NS,Oil Gas & Consumable Fuels,NIFTY 500
OLAELEC,Ola Electric Mobility Ltd.,OLAELEC.NS,Automobile and Auto Components,NIFTY 500
OLECTRA,Olectra Greentech Ltd.,OLECTRA.NS,Automobile and Auto Components,NIFTY 500
ONESOURCE,Onesource Specialty Pharma Ltd.,ONESOURCE.NS,Healthcare,NIFTY 500
ONGC,Oil & Natural Gas Corporation Ltd.,ONGC.NS,Oil Gas & Consumable Fuels,NIFTY 500
PAGEIND,Page Industries Ltd.,PAGEIND.NS,Textiles,NIFTY 500
PARADEEP,Paradeep Phosphates Ltd.,PARADEEP.NS,Chemicals,NIFTY 500
PATANJALI,Patanjali Foods Ltd.,PATANJALI.NS,Fast Moving Consumer Goods,NIFTY 500
PAYTM,One 97 Communications Ltd.,PAYTM.NS,Financial Services,NIFTY 500
PCBL,PCBL Chemical Ltd.,PCBL.NS,Chemicals,NIFTY 500
PERSISTENT,Persistent Systems Ltd.,PERSISTENT.NS,Information Technology,NIFTY 500
PETRONET,Petronet LNG Ltd.,PETRONET.NS,Oil Gas & Consumable Fuels,NIFTY 500
PFC,Power Finance Corporation Ltd.,PFC.NS,Financial Services,NIFTY 500
PFIZER,Pfizer Ltd.,PFIZER.NS,Healthcare,NIFTY 500
PFOCUS,Prime Focus Ltd.,PFOCUS.NS,Media Entertainment & Publication,NIFTY 500
PGEL,PG Electroplast Ltd.,PGEL.NS,Consumer Durables,NIFTY 500
PHOENIXLTD,Phoenix Mills Ltd.,PHOENIXLTD.NS,Realty,NIFTY 500
PIDILITIND,Pidilite Industries Ltd.,PIDILITIND.NS,Chemicals,NIFTY 500
PIIND,PI Industries Ltd.,PIIND.NS,Chemicals,NIFTY 500
PINELABS,Pine Labs Ltd.,PINELABS.NS,Financial Services,NIFTY 500
PIRAMALFIN,Piramal Finance Ltd.,PIRAMALFIN.NS,Financial Services,NIFTY 500
PNB,Punjab National Bank,PNB.NS,Financial Services,NIFTY 500
PNBHOUSING,PNB Housing Finance Ltd.,PNBHOUSING.NS,Financial Services,NIFTY 500
POLICYBZR,PB Fintech Ltd.,POLICYBZR.NS,Financial Services,NIFTY 500
POLYCAB,Polycab India Ltd.,POLYCAB.NS,Capital Goods,NIFTY 500
POLYMED,Poly Medicure Ltd.,POLYMED.NS,Healthcare,NIFTY 500
POONAWALLA,Poonawalla Fincorp Ltd.,POONAWALLA.NS,Financial Services,NIFTY 500
POWERGRID,Power Grid Corporation of India Ltd.,POWERGRID.NS,Power,NIFTY 500
POWERINDIA,Hitachi Energy India Ltd.,POWERINDIA.NS,Capital Goods,NIFTY 500
PPLPHARMA,Piramal Pharma Ltd.,PPLPHARMA.NS,Healthcare,NIFTY 500
PREMIERENE,Premier Energies Ltd.,PREMIERENE.NS,Capital Goods,NIFTY 500
PRESTIGE,Prestige Estates Projects Ltd.,PRESTIGE.NS,Realty,NIFTY 500
PTCIL,PTC Industries Ltd.,PTCIL.NS,Capital Goods,NIFTY 500
PVRINOX,PVR INOX Ltd.,PVRINOX.NS,Media Entertainment & Publication,NIFTY 500
PWL,Physicswallah Ltd.,PWL.NS,Consumer Services,NIFTY 500
RADICO,Radico Khaitan Ltd,RADICO.NS,Fast Moving Consumer Goods,NIFTY 500
RAILTEL,Railtel Corporation Of India Ltd.,RAILTEL.NS,Telecommunication,NIFTY 500
RAINBOW,Rainbow Childrens Medicare Ltd.,RAINBOW.NS,Healthcare,NIFTY 500
RAMCOCEM,The Ramco Cements Ltd.,RAMCOCEM.NS,Construction Materials,NIFTY 500
RBLBANK,RBL Bank Ltd.,RBLBANK.NS,Financial Services,NIFTY 500
RECLTD,REC Ltd.,RECLTD.NS,Financial Services,NIFTY 500
REDINGTON,Redington Ltd.,REDINGTON.NS,Services,NIFTY 500
RELIANCE,Reliance Industries Ltd.,RELIANCE.NS,Oil Gas & Consumable Fuels,NIFTY 500
RHIM,RHI MAGNESITA INDIA LTD.,RHIM.NS,Capital Goods,NIFTY 500
RITES,RITES Ltd.,RITES.NS,Construction,NIFTY 500
RKFORGE,Ramkrishna Forgings Ltd.,RKFORGE.NS,Automobile and Auto Components,NIFTY 500
RPOWER,Reliance Power Ltd.,RPOWER.NS,Power,NIFTY 500
RRKABEL,R R Kabel Ltd.,RRKABEL.NS,Capital Goods,NIFTY 500
RVNL,Rail Vikas Nigam Ltd.,RVNL.NS,Construction,NIFTY 500
SAGILITY,Sagility Ltd.,SAGILITY.NS,Information Technology,NIFTY 500
SAIL,Steel Authority of India Ltd.,SAIL.NS,Metals & Mining,NIFTY 500
SAILIFE,Sai Life Sciences Ltd.,SAILIFE.NS,Healthcare,NIFTY 500
SAMMAANCAP,Sammaan Capital Ltd.,SAMMAANCAP.NS,Financial Services,NIFTY 500
SAPPHIRE,Sapphire Foods India Ltd.,SAPPHIRE.NS,Consumer Services,NIFTY 500
SARDAEN,Sarda Energy and Minerals Ltd.,SARDAEN.NS,Metals & Mining,NIFTY 500
SAREGAMA,Saregama India Ltd,SAREGAMA.NS,Media Entertainment & Publication,NIFTY 500
SBFC,SBFC Finance Ltd.,SBFC.NS,Financial Services,NIFTY 500
SBICARD,SBI Cards and Payment Services Ltd.,SBICARD.NS,Financial Services,NIFTY 500
SBILIFE,SBI Life Insurance Company Ltd.,SBILIFE.NS,Financial Services,NIFTY 500
SBIN,State Bank of India,SBIN.NS,Financial Services,NIFTY 500
SCHAEFFLER,Schaeffler India Ltd.,SCHAEFFLER.NS,Automobile and Auto Components,NIFTY 500
SCHNEIDER,Schneider Electric Infrastructure Ltd.,SCHNEIDER.NS,Capital Goods,NIFTY 500
SCI,Shipping Corporation of India Ltd.,SCI.NS,Services,NIFTY 500
SHREECEM,Shree Cement Ltd.,SHREECEM.NS,Construction Materials,NIFTY 500
SHRIRAMFIN,Shriram Finance Ltd.,SHRIRAMFIN.NS,Financial Services,NIFTY 500
SHYAMMETL,Shyam Metalics and Energy Ltd.,SHYAMMETL.NS,Capital Goods,NIFTY 500
SIEMENS,Siemens Ltd.,SIEMENS.NS,Capital Goods,NIFTY 500
SIGNATURE,Signatureglobal (India) Ltd.,SIGNATURE.NS,Realty,NIFTY 500
SJVN,SJVN Ltd.,SJVN.NS,Power,NIFTY 500
SOBHA,Sobha Ltd.,SOBHA.NS,Realty,NIFTY 500
SOLARINDS,Solar Industries India Ltd.,SOLARINDS.NS,Chemicals,NIFTY 500
SONACOMS,Sona BLW Precision Forgings Ltd.,SONACOMS.NS,Automobile and Auto Components,NIFTY 500
SONATSOFTW,Sonata Software Ltd.,SONATSOFTW.NS,Information Technology,NIFTY 500
SPLPETRO,Supreme Petrochem Ltd.,SPLPETRO.NS,Chemicals,NIFTY 500
SRF,SRF Ltd.,SRF.NS,Chemicals,NIFTY 500
STARHEALTH,Star Health and Allied Insurance Company Ltd.,STARHEALTH.NS,Financial Services,NIFTY 500
SUMICHEM,Sumitomo Chemical India Ltd.,SUMICHEM.NS,Chemicals,NIFTY 500
SUNDARMFIN,Sundaram Finance Ltd.,SUNDARMFIN.NS,Financial Services,NIFTY 500
SUNPHARMA,Sun Pharmaceutical Industries Ltd.,SUNPHARMA.NS,Healthcare,NIFTY 500
SUNTV,Sun TV Network Ltd.,SUNTV.NS,Media Entertainment & Publication,NIFTY 500
SUPREMEIND,Supreme Industries Ltd.,SUPREMEIND.NS,Capital Goods,NIFTY 500
SUZLON,Suzlon Energy Ltd.,SUZLON.NS,Capital Goods,NIFTY 500
SWANCORP,Swan Corp Ltd.,SWANCORP.NS,Chemicals,NIFTY 500
SWIGGY,Swiggy Ltd.,SWIGGY.NS,Consumer Services,NIFTY 500
SYNGENE,Syngene International Ltd.,SYNGENE.NS,Healthcare,NIFTY 500
SYRMA,Syrma SGS Technology Ltd.,SYRMA.NS,Capital Goods,NIFTY 500
TARIL,Transformers And Rectifiers (India) Ltd.,TARIL.NS,Capital Goods,NIFTY 500
TATACAP,Tata Capital Ltd.,TATACAP.NS,Financial Services,NIFTY 500
TATACHEM,Tata Chemicals Ltd.,TATACHEM.NS,Chemicals,NIFTY 500
TATACOMM,Tata Communications Ltd.,TATACOMM.NS,Telecommunication,NIFTY 500
TATACONSUM,Tata Consumer Products Ltd.,TATACONSUM.NS,Fast Moving Consumer Goods,NIFTY 500
TATAELXSI,Tata Elxsi Ltd.,TATAELXSI.NS,Information Technology,NIFTY 500
TATAINVEST,Tata Investment Corporation Ltd.,TATAINVEST.NS,Financial Services,NIFTY 500
TATAPOWER,Tata Power Co. Ltd.,TATAPOWER.NS,Power,NIFTY 500
TATASTEEL,Tata Steel Ltd.,TATASTEEL.NS,Metals & Mining,NIFTY 500
TATATECH,Tata Technologies Ltd.,TATATECH.NS,Information Technology,NIFTY 500
TBOTEK,TBO Tek Ltd.,TBOTEK.NS,Consumer Services,NIFTY 500
TCS,Tata Consultancy Services Ltd.,TCS.NS,Information Technology,NIFTY 500
TECHM,Tech Mahindra Ltd.,TECHM.NS,Information Technology,NIFTY 500
TECHNOE,Techno Electric & Engineering Company Ltd.,TECHNOE.NS,Construction,NIFTY 500
TEGA,Tega Industries Ltd.,TEGA.NS,Capital Goods,NIFTY 500
TEJASNET,Tejas Networks Ltd.,TEJASNET.NS,Telecommunication,NIFTY 500
TENNIND,Tenneco Clean Air India Ltd.,TENNIND.NS,Automobile and Auto Components,NIFTY 500
THELEELA,Leela Palaces Hotels & Resorts Ltd.,THELEELA.NS,Consumer Services,NIFTY 500
THERMAX,Thermax Ltd.,THERMAX.NS,Capital Goods,NIFTY 500
TIINDIA,Tube Investments of India Ltd.,TIINDIA.NS,Automobile and Auto Components,NIFTY 500
TIMKEN,Timken India Ltd.,TIMKEN.NS,Capital Goods,NIFTY 500
TITAGARH,Titagarh Rail Systems Ltd.,TITAGARH.NS,Capital Goods,NIFTY 500
TITAN,Titan Company Ltd.,TITAN.NS,Consumer Durables,NIFTY 500
TMCV,Tata Motors Ltd.,TMCV.NS,Capital Goods,NIFTY 500
TMPV,Tata Motors Passenger Vehicles Ltd.,TMPV.NS,Automobile and Auto Components,NIFTY 500
TORNTPHARM,Torrent Pharmaceuticals Ltd.,TORNTPHARM.NS,Healthcare,NIFTY 500
TORNTPOWER,Torrent Power Ltd.,TORNTPOWER.NS,Power,NIFTY 500
TRAVELFOOD,Travel Food Services Ltd.,TRAVELFOOD.NS,Consumer Services,NIFTY 500
TRENT,Trent Ltd.,TRENT.NS,Consumer Services,NIFTY 500
TRIDENT,Trident Ltd.,TRIDENT.NS,Textiles,NIFTY 500
TRITURBINE,Triveni Turbine Ltd.,TRITURBINE.NS,Capital Goods,NIFTY 500
TTML,Tata Teleservices (Maharashtra) Ltd.,TTML.NS,Telecommunication,NIFTY 500
TVSMOTOR,TVS Motor Company Ltd.,TVSMOTOR.NS,Automobile and Auto Components,NIFTY 500
UBL,United Breweries Ltd.,UBL.NS,Fast Moving Consumer Goods,NIFTY 500
UCOBANK,UCO Bank,UCOBANK.NS,Financial Services,NIFTY 500
ULTRACEMCO,UltraTech Cement Ltd.,ULTRACEMCO.NS,Construction Materials,NIFTY 500
UNIONBANK,Union Bank of India,UNIONBANK.NS,Financial Services,NIFTY 500
UNITDSPR,United Spirits Ltd.,UNITDSPR.NS,Fast Moving Consumer Goods,NIFTY 500
UNOMINDA,UNO Minda Ltd.,UNOMINDA.NS,Automobile and Auto Components,NIFTY 500
UPL,UPL Ltd.,UPL.NS,Chemicals,NIFTY 500
URBANCO,Urban Company Ltd.,URBANCO.NS,Consumer Services,NIFTY 500
USHAMART,Usha Martin Ltd.,USHAMART.NS,Capital Goods,NIFTY 500
UTIAMC,UTI Asset Management Company Ltd.,UTIAMC.NS,Financial Services,NIFTY 500
VBL,Varun Beverages Ltd.,VBL.NS,Fast Moving Consumer Goods,NIFTY 500
VEDL,Vedanta Ltd.,VEDL.NS,Metals & Mining,NIFTY 500
VIJAYA,Vijaya Diagnostic Centre Ltd.,VIJAYA.NS,Healthcare,NIFTY 500
VMM,Vishal Mega Mart Ltd.,VMM.NS,Consumer Services,NIFTY 500
VOLTAS,Voltas Ltd.,VOLTAS.NS,Consumer Durables,NIFTY 500
VTL,Vardhman Textiles Ltd.,VTL.NS,Textiles,NIFTY 500
WAAREEENER,Waaree Energies Ltd.,WAAREEENER.NS,Capital Goods,NIFTY 500
WELCORP,Welspun Corp Ltd.,WELCORP.NS,Capital Goods,NIFTY 500
WELSPUNLIV,Welspun Living Ltd.,WELSPUNLIV.NS,Textiles,NIFTY 500
WHIRLPOOL,Whirlpool of India Ltd.,WHIRLPOOL.NS,Consumer Durables,NIFTY 500
WIPRO,Wipro Ltd.,WIPRO.NS,Information Technology,NIFTY 500
WOCKPHARMA,Wockhardt Ltd.,WOCKPHARMA.NS,Healthcare,NIFTY 500
YESBANK,Yes Bank Ltd.,YESBANK.NS,Financial Services,NIFTY 500
ZEEL,Zee Entertainment Enterprises Ltd.,ZEEL.NS,Media Entertainment & Publication,NIFTY 500
ZENSARTECH,Zensar Technolgies Ltd.,ZENSARTECH.NS,Information Technology,NIFTY 500
ZENTEC,Zen Technologies Ltd.,ZENTEC.NS,Capital Goods,NIFTY 500
ZFCVINDIA,ZF Commercial Vehicle Control Systems India Ltd.,ZFCVINDIA.NS,Automobile and Auto Components,NIFTY 500
ZYDUSLIFE,Zydus Lifesciences Ltd.,ZYDUSLIFE.NS,Healthcare,NIFTY 500
ZYDUSWELL,Zydus Wellness Ltd.,ZYDUSWELL.NS,Fast Moving Consumer Goods,NIFTY 500
